t,height,roll_deg,pitch_deg,yaw_deg,x_cam,y_cam,z_cam,marker_id,height_relative_m,height_relative_mm
0.02523,0.56693,174.328,-3.37,-178.488,-0.10689,0.23763,0.56693,8,0.02971669,29.71669
0.06277,0.56693,174.328,-3.37,-178.488,-0.10689,0.23763,0.56693,8,0.02971669,29.71669
0.09574,0.56677,174.445,-3.336,-178.533,-0.10681,0.23767,0.56677,8,0.02987669,29.87669
0.12577,0.56731,174.37,-3.124,-178.56,-0.10673,0.23762,0.56731,8,0.02933669,29.33669
0.16264,0.56699,174.516,-3.35,-178.518,-0.10702,0.23776,0.56699,8,0.02965669,29.65669
0.19222,0.56715,174.399,-3.384,-178.474,-0.1071,0.23772,0.56715,8,0.02949669,29.49669
0.22755,0.56622,174.521,-3.549,-178.506,-0.1069,0.23771,0.56622,8,0.03042669,30.42669
0.26275,0.5663,174.581,-3.407,-178.587,-0.10669,0.23751,0.5663,8,0.03034669,30.34669
0.29452,0.56622,174.521,-3.549,-178.506,-0.1069,0.23771,0.56622,8,0.03042669,30.42669
0.33061,0.5665,174.012,-3.491,-178.471,-0.10684,0.23757,0.5665,8,0.03014669,30.14669
0.36039,0.56677,174.445,-3.336,-178.533,-0.10681,0.23767,0.56677,8,0.02987669,29.87669
0.39665,0.56659,174.251,-3.329,-178.527,-0.10672,0.23754,0.56659,8,0.03005669,30.05669
0.42436,0.5663,174.581,-3.407,-178.587,-0.10669,0.23751,0.5663,8,0.03034669,30.34669
0.46226,0.56674,174.134,-3.363,-178.483,-0.10679,0.2375,0.56674,8,0.02990669,29.90669
0.49354,0.56699,174.516,-3.35,-178.518,-0.10702,0.23776,0.56699,8,0.02965669,29.65669
0.53057,0.56629,174.268,-3.432,-178.537,-0.10666,0.23735,0.56629,8,0.03035669,30.35669
0.56249,0.56674,174.134,-3.363,-178.483,-0.10679,0.2375,0.56674,8,0.02990669,29.90669
0.59556,0.56699,174.516,-3.35,-178.518,-0.10702,0.23776,0.56699,8,0.02965669,29.65669
0.62975,0.56659,174.251,-3.329,-178.527,-0.10672,0.23754,0.56659,8,0.03005669,30.05669
0.66338,0.56693,174.328,-3.37,-178.488,-0.10689,0.23763,0.56693,8,0.02971669,29.71669
0.69334,0.56747,174.252,-3.159,-178.516,-0.1068,0.23758,0.56747,8,0.02917669,29.17669
0.73224,0.56636,174.326,-3.413,-178.599,-0.10651,0.23755,0.56636,8,0.03028669,30.28669
0.76010,0.56677,174.445,-3.336,-178.533,-0.10681,0.23767,0.56677,8,0.02987669,29.87669
0.79349,0.56677,174.445,-3.336,-178.533,-0.10681,0.23767,0.56677,8,0.02987669,29.87669
0.83012,0.56659,174.251,-3.329,-178.527,-0.10672,0.23754,0.56659,8,0.03005669,30.05669
0.86258,0.56629,174.268,-3.432,-178.537,-0.10666,0.23735,0.56629,8,0.03035669,30.35669
0.89541,0.56622,174.521,-3.549,-178.506,-0.1069,0.23771,0.56622,8,0.03042669,30.42669
0.93023,0.56681,174.321,-3.342,-178.513,-0.10693,0.23764,0.56681,8,0.02983669,29.83669
0.96256,0.56677,174.445,-3.336,-178.533,-0.10681,0.23767,0.56677,8,0.02987669,29.87669
0.99422,0.56731,174.37,-3.124,-178.56,-0.10673,0.23762,0.56731,8,0.02933669,29.33669
1.03375,0.56677,174.445,-3.336,-178.533,-0.10681,0.23767,0.56677,8,0.02987669,29.87669
1.06064,0.56715,174.399,-3.384,-178.474,-0.1071,0.23772,0.56715,8,0.02949669,29.49669
1.09868,0.56677,174.445,-3.336,-178.533,-0.10681,0.23767,0.56677,8,0.02987669,29.87669
1.12989,0.56677,174.445,-3.336,-178.533,-0.10681,0.23767,0.56677,8,0.02987669,29.87669
1.16554,0.56677,174.445,-3.336,-178.533,-0.10681,0.23767,0.56677,8,0.02987669,29.87669
1.19743,0.56677,174.445,-3.336,-178.533,-0.10681,0.23767,0.56677,8,0.02987669,29.87669
1.22911,0.56659,174.251,-3.329,-178.527,-0.10672,0.23754,0.56659,8,0.03005669,30.05669
1.26778,0.56693,174.328,-3.37,-178.488,-0.10689,0.23763,0.56693,8,0.02971669,29.71669
1.29626,0.56728,174.057,-3.153,-178.51,-0.1067,0.23746,0.56728,8,0.02936669,29.36669
1.33007,0.56654,174.521,-3.421,-178.605,-0.10661,0.23768,0.56654,8,0.03010669,30.10669
1.36853,0.56677,174.445,-3.336,-178.533,-0.10681,0.23767,0.56677,8,0.02987669,29.87669
1.39741,0.5663,174.581,-3.407,-178.587,-0.10669,0.23751,0.5663,8,0.03034669,30.34669
1.42882,0.56699,174.516,-3.35,-178.518,-0.10702,0.23776,0.56699,8,0.02965669,29.65669
1.46879,0.5663,174.581,-3.407,-178.587,-0.10669,0.23751,0.5663,8,0.03034669,30.34669
1.49694,0.56659,174.251,-3.329,-178.527,-0.10672,0.23754,0.56659,8,0.03005669,30.05669
1.52934,0.56693,174.328,-3.37,-178.488,-0.10689,0.23763,0.56693,8,0.02971669,29.71669
1.56810,0.56622,174.521,-3.549,-178.506,-0.1069,0.23771,0.56622,8,0.03042669,30.42669
1.59842,0.56681,174.321,-3.342,-178.513,-0.10693,0.23764,0.56681,8,0.02983669,29.83669
1.62816,0.56693,174.328,-3.37,-178.488,-0.10689,0.23763,0.56693,8,0.02971669,29.71669
1.66609,0.56659,174.251,-3.329,-178.527,-0.10672,0.23754,0.56659,8,0.03005669,30.05669
1.69755,0.56677,174.445,-3.336,-178.533,-0.10681,0.23767,0.56677,8,0.02987669,29.87669
1.73408,0.56622,174.521,-3.549,-178.506,-0.1069,0.23771,0.56622,8,0.03042669,30.42669
1.76420,0.56622,174.521,-3.549,-178.506,-0.1069,0.23771,0.56622,8,0.03042669,30.42669
1.79891,0.56638,174.404,-3.581,-178.461,-0.10697,0.23767,0.56638,8,0.03026669,30.26669
1.83300,0.56699,174.516,-3.35,-178.518,-0.10702,0.23776,0.56699,8,0.02965669,29.65669
1.86470,0.56636,174.18,-3.316,-178.542,-0.10651,0.23745,0.56636,8,0.03028669,30.28669
1.89643,0.56677,174.445,-3.336,-178.533,-0.10681,0.23767,0.56677,8,0.02987669,29.87669
1.93444,0.56622,174.521,-3.549,-178.506,-0.1069,0.23771,0.56622,8,0.03042669,30.42669
1.96471,0.56677,174.445,-3.336,-178.533,-0.10681,0.23767,0.56677,8,0.02987669,29.87669
1.99619,0.5663,174.581,-3.407,-178.587,-0.10669,0.23751,0.5663,8,0.03034669,30.34669
2.03334,0.56677,174.445,-3.336,-178.533,-0.10681,0.23767,0.56677,8,0.02987669,29.87669
2.06636,0.56659,174.251,-3.329,-178.527,-0.10672,0.23754,0.56659,8,0.03005669,30.05669
2.09798,0.56693,174.328,-3.37,-178.488,-0.10689,0.23763,0.56693,8,0.02971669,29.71669
2.13441,0.56659,174.251,-3.329,-178.527,-0.10672,0.23754,0.56659,8,0.03005669,30.05669
2.16672,0.56622,174.521,-3.549,-178.506,-0.1069,0.23771,0.56622,8,0.03042669,30.42669
2.20583,0.56677,174.445,-3.336,-178.533,-0.10681,0.23767,0.56677,8,0.02987669,29.87669
2.23209,0.56731,174.37,-3.124,-178.56,-0.10673,0.23762,0.56731,8,0.02933669,29.33669
2.26594,0.56677,174.445,-3.336,-178.533,-0.10681,0.23767,0.56677,8,0.02987669,29.87669
2.30007,0.56677,174.445,-3.336,-178.533,-0.10681,0.23767,0.56677,8,0.02987669,29.87669
2.33411,0.56677,174.445,-3.336,-178.533,-0.10681,0.23767,0.56677,8,0.02987669,29.87669
2.36956,0.56693,174.328,-3.37,-178.488,-0.10689,0.23763,0.56693,8,0.02971669,29.71669
2.40008,0.56693,174.328,-3.37,-178.488,-0.10689,0.23763,0.56693,8,0.02971669,29.71669
2.43222,0.56677,174.445,-3.336,-178.533,-0.10681,0.23767,0.56677,8,0.02987669,29.87669
2.46976,0.56677,174.445,-3.336,-178.533,-0.10681,0.23767,0.56677,8,0.02987669,29.87669
2.50040,0.56677,174.445,-3.336,-178.533,-0.10681,0.23767,0.56677,8,0.02987669,29.87669
2.53453,0.56622,174.521,-3.549,-178.506,-0.1069,0.23771,0.56622,8,0.03042669,30.42669
2.56586,0.56659,174.251,-3.329,-178.527,-0.10672,0.23754,0.56659,8,0.03005669,30.05669
2.60033,0.56638,174.404,-3.581,-178.461,-0.10697,0.23767,0.56638,8,0.03026669,30.26669
2.63282,0.56677,174.445,-3.336,-178.533,-0.10681,0.23767,0.56677,8,0.02987669,29.87669
2.66558,0.56622,174.521,-3.549,-178.506,-0.1069,0.23771,0.56622,8,0.03042669,30.42669
2.70098,0.5666,174.475,-3.596,-178.447,-0.10718,0.23776,0.5666,8,0.03004669,30.04669
2.73256,0.5674,173.973,-3.039,-178.571,-0.1066,0.23751,0.5674,8,0.02924669,29.24669
2.77262,0.56715,174.399,-3.384,-178.474,-0.1071,0.23772,0.56715,8,0.02949669,29.49669
2.80156,0.56677,174.445,-3.336,-178.533,-0.10681,0.23767,0.56677,8,0.02987669,29.87669
2.83231,0.5662,174.21,-3.572,-178.456,-0.10687,0.23755,0.5662,8,0.03044669,30.44669
2.87063,0.56693,174.328,-3.37,-178.488,-0.10689,0.23763,0.56693,8,0.02971669,29.71669
2.90483,0.56693,174.328,-3.37,-178.488,-0.10689,0.23763,0.56693,8,0.02971669,29.71669
2.93565,0.56677,174.445,-3.336,-178.533,-0.10681,0.23767,0.56677,8,0.02987669,29.87669
2.96893,0.56622,174.521,-3.549,-178.506,-0.1069,0.23771,0.56622,8,0.03042669,30.42669
3.00142,0.56636,174.326,-3.413,-178.599,-0.10651,0.23755,0.56636,8,0.03028669,30.28669
3.03263,0.56677,174.445,-3.336,-178.533,-0.10681,0.23767,0.56677,8,0.02987669,29.87669
3.07042,0.56654,174.521,-3.421,-178.605,-0.10661,0.23768,0.56654,8,0.03010669,30.10669
3.10030,0.56677,174.445,-3.336,-178.533,-0.10681,0.23767,0.56677,8,0.02987669,29.87669
3.13435,0.56617,174.46,-3.688,-178.531,-0.10705,0.23767,0.56617,8,0.03047669,30.47669
3.20000,0.60389,171.609,-0.322,-178.288,-0.11399,0.2466,0.60389,8,-0.00724331,-7.24331
3.23313,0.60765,171.887,-1.785,-177.96,-0.11278,0.24996,0.60765,8,-0.01100331,-11.00331
3.26539,0.60459,172.842,-0.382,-177.071,-0.10599,0.25569,0.60459,8,-0.00794331,-7.94331
3.30022,0.59579,175.405,-1.699,-177.451,-0.09991,0.25478,0.59579,8,0.00085669,0.85669
3.33279,0.59976,175.895,-2.225,-177.798,-0.10132,0.25405,0.59976,8,-0.00311331,-3.11331
3.36714,0.61022,175.205,-1.342,-177.834,-0.10399,0.25521,0.61022,8,-0.01357331,-13.57331
3.40820,0.59758,176.125,-2.772,-178.305,-0.10182,0.25107,0.59758,8,-0.00093331,-0.93331
3.43179,0.60098,175.858,-1.641,-178.112,-0.10271,0.25153,0.60098,8,-0.00433331,-4.33331
3.46965,0.59758,175.173,-2.513,-178.063,-0.10182,0.2512,0.59758,8,-0.00093331,-0.93331
3.50012,0.59743,175.531,-2.272,-177.926,-0.10163,0.25146,0.59743,8,-0.00078331,-0.78331
3.53453,0.59721,174.892,-2.06,-177.85,-0.10178,0.25091,0.59721,8,-0.00056331,-0.56331
3.57026,0.59651,175.124,-2.237,-177.869,-0.10181,0.25101,0.59651,8,0.00013669,0.13669
3.60083,0.59625,175.027,-2.253,-177.885,-0.10189,0.2509,0.59625,8,0.00039669,0.39669
3.63625,0.59679,174.946,-2.003,-177.911,-0.10148,0.25085,0.59679,8,-0.00014331,-0.14331
3.66985,0.59606,175.002,-2.089,-177.984,-0.10144,0.25058,0.59606,8,0.00058669,0.58669
3.70265,0.59633,175.083,-2.092,-177.967,-0.10135,0.251,0.59633,8,0.00031669,0.31669
3.73620,0.59601,175.402,-2.323,-177.943,-0.10187,0.25089,0.59601,8,0.00063669,0.63669
3.76853,0.59673,174.633,-1.925,-177.834,-0.10158,0.25066,0.59673,8,-0.00008331,-0.08331
3.80083,0.59736,174.707,-1.781,-177.918,-0.1015,0.25075,0.59736,8,-0.00071331,-0.71331
3.84042,0.59703,175.028,-2.006,-177.78,-0.10208,0.25089,0.59703,8,-0.00038331,-0.38331
3.86868,0.59701,174.712,-1.925,-177.816,-0.10181,0.25078,0.59701,8,-0.00036331,-0.36331
3.90012,0.59657,175.165,-2.097,-177.835,-0.10195,0.25104,0.59657,8,0.00007669,0.07669
3.93631,0.59671,175.032,-2.15,-177.792,-0.10201,0.25099,0.59671,8,-0.00006331,-0.06331
3.97049,0.59701,174.712,-1.925,-177.816,-0.10181,0.25078,0.59701,8,-0.00036331,-0.36331
4.00028,0.59633,174.945,-2.1,-177.834,-0.10184,0.25089,0.59633,8,0.00031669,0.31669
4.04123,0.59633,174.945,-2.1,-177.834,-0.10184,0.25089,0.59633,8,0.00031669,0.31669
4.07015,0.59671,175.032,-2.15,-177.792,-0.10201,0.25099,0.59671,8,-0.00006331,-0.06331
4.10721,0.59546,175.2,-2.447,-177.954,-0.10171,0.25054,0.59546,8,0.00118669,1.18669
4.13663,0.59656,174.865,-1.993,-177.872,-0.10169,0.25063,0.59656,8,0.00008669,0.08669
4.16990,0.59647,175.126,-2.239,-177.755,-0.10218,0.25094,0.59647,8,0.00017669,0.17669
4.20534,0.59651,175.124,-2.237,-177.869,-0.10181,0.25101,0.59651,8,0.00013669,0.13669
4.23633,0.59578,175.18,-2.323,-177.941,-0.10177,0.25074,0.59578,8,0.00086669,0.86669
4.26827,0.59701,174.712,-1.925,-177.816,-0.10181,0.25078,0.59701,8,-0.00036331,-0.36331
4.30673,0.59651,175.124,-2.237,-177.869,-0.10181,0.25101,0.59651,8,0.00013669,0.13669
4.33755,0.59629,175.182,-2.22,-177.961,-0.10183,0.2506,0.59629,8,0.00035669,0.35669
4.36904,0.59646,174.812,-2.154,-177.791,-0.10191,0.25083,0.59646,8,0.00018669,0.18669
4.40785,0.59724,174.616,-1.841,-177.854,-0.10164,0.25082,0.59724,8,-0.00059331,-0.59331
4.43794,0.59676,175.029,-2.149,-177.904,-0.10196,0.25075,0.59676,8,-0.00011331,-0.11331
4.46856,0.59674,174.892,-2.157,-177.773,-0.10213,0.25095,0.59674,8,-0.00009331,-0.09331
4.50525,0.59701,174.712,-1.925,-177.816,-0.10181,0.25078,0.59701,8,-0.00036331,-0.36331
4.53680,0.59727,174.933,-1.92,-177.817,-0.10191,0.25093,0.59727,8,-0.00062331,-0.62331
4.56962,0.59755,174.612,-1.698,-177.842,-0.10171,0.25072,0.59755,8,-0.00090331,-0.90331
4.60698,0.59657,175.165,-2.097,-177.835,-0.10195,0.25104,0.59657,8,0.00007669,0.07669
4.63699,0.59701,174.712,-1.925,-177.816,-0.10181,0.25078,0.59701,8,-0.00036331,-0.36331
4.67466,0.59701,174.712,-1.925,-177.816,-0.10181,0.25078,0.59701,8,-0.00036331,-0.36331
4.70630,0.59648,174.949,-2.145,-177.922,-0.10173,0.25064,0.59648,8,0.00016669,0.16669
4.73826,0.59633,174.945,-2.1,-177.834,-0.10184,0.25089,0.59633,8,0.00031669,0.31669
4.77430,0.59633,174.945,-2.1,-177.834,-0.10184,0.25089,0.59633,8,0.00031669,0.31669
4.80652,0.59616,175.268,-2.374,-177.899,-0.10194,0.25084,0.59616,8,0.00048669,0.48669
4.84041,0.59646,174.812,-2.154,-177.791,-0.10191,0.25083,0.59646,8,0.00018669,0.18669
4.87225,0.59593,175.047,-2.375,-177.897,-0.10183,0.25069,0.59593,8,0.00071669,0.71669
4.90522,0.59629,175.085,-2.093,-177.853,-0.10172,0.25093,0.59629,8,0.00035669,0.35669
4.94065,0.59755,174.612,-1.698,-177.842,-0.10171,0.25072,0.59755,8,-0.00090331,-0.90331
4.97423,0.59546,175.2,-2.447,-177.954,-0.10171,0.25054,0.59546,8,0.00118669,1.18669
5.00560,0.59644,174.951,-2.147,-177.81,-0.10179,0.25087,0.59644,8,0.00020669,0.20669
5.04217,0.59593,175.047,-2.375,-177.897,-0.10183,0.25069,0.59593,8,0.00071669,0.71669
5.07421,0.59646,174.812,-2.154,-177.791,-0.10191,0.25083,0.59646,8,0.00018669,0.18669
5.10512,0.59688,174.846,-1.87,-177.859,-0.10174,0.25083,0.59688,8,-0.00023331,-0.23331
5.13840,0.59633,174.945,-2.1,-177.834,-0.10184,0.25089,0.59633,8,0.00031669,0.31669
5.17227,0.59701,174.712,-1.925,-177.816,-0.10181,0.25078,0.59701,8,-0.00036331,-0.36331
5.20648,0.59593,175.047,-2.375,-177.897,-0.10183,0.25069,0.59593,8,0.00071669,0.71669
5.24207,0.59727,174.933,-1.92,-177.817,-0.10191,0.25093,0.59727,8,-0.00062331,-0.62331
5.27232,0.59646,174.812,-2.154,-177.791,-0.10191,0.25083,0.59646,8,0.00018669,0.18669
5.30592,0.59701,174.712,-1.925,-177.816,-0.10181,0.25078,0.59701,8,-0.00036331,-0.36331
5.34197,0.59633,174.945,-2.1,-177.834,-0.10184,0.25089,0.59633,8,0.00031669,0.31669
5.37323,0.59643,175.349,-2.381,-177.882,-0.10216,0.25095,0.59643,8,0.00021669,0.21669
5.40424,0.59657,175.165,-2.097,-177.835,-0.10195,0.25104,0.59657,8,0.00007669,0.07669
5.44778,0.59578,175.18,-2.323,-177.941,-0.10177,0.25074,0.59578,8,0.00086669,0.86669
5.47292,0.59701,174.712,-1.925,-177.816,-0.10181,0.25078,0.59701,8,-0.00036331,-0.36331
5.50522,0.59616,175.268,-2.374,-177.899,-0.10194,0.25084,0.59616,8,0.00048669,0.48669
5.54061,0.59701,174.712,-1.925,-177.816,-0.10181,0.25078,0.59701,8,-0.00036331,-0.36331
5.57405,0.59646,174.812,-2.154,-177.791,-0.10191,0.25083,0.59646,8,0.00018669,0.18669
5.60398,0.59658,175.305,-2.088,-177.967,-0.10177,0.25084,0.59658,8,0.00006669,0.06669
5.64487,0.59674,174.892,-2.157,-177.773,-0.10213,0.25095,0.59674,8,-0.00009331,-0.09331
5.67208,0.59659,174.766,-1.869,-177.878,-0.10152,0.25072,0.59659,8,0.00005669,0.05669
5.70851,0.59648,174.949,-2.145,-177.922,-0.10173,0.25064,0.59648,8,0.00016669,0.16669
5.74031,0.5973,174.792,-1.927,-177.798,-0.10203,0.25089,0.5973,8,-0.00065331,-0.65331
5.77316,0.59674,174.892,-2.157,-177.773,-0.10213,0.25095,0.59674,8,-0.00009331,-0.09331
5.81165,0.59688,174.846,-1.87,-177.859,-0.10174,0.25083,0.59688,8,-0.00023331,-0.23331
5.84048,0.59646,174.812,-2.154,-177.791,-0.10191,0.25083,0.59646,8,0.00018669,0.18669
5.87424,0.59701,174.712,-1.925,-177.816,-0.10181,0.25078,0.59701,8,-0.00036331,-0.36331
5.90969,0.59727,174.933,-1.92,-177.817,-0.10191,0.25093,0.59727,8,-0.00062331,-0.62331
5.94141,0.59701,174.712,-1.925,-177.816,-0.10181,0.25078,0.59701,8,-0.00036331,-0.36331
5.97416,0.59593,175.047,-2.375,-177.897,-0.10183,0.25069,0.59593,8,0.00071669,0.71669
6.00906,0.59633,174.945,-2.1,-177.834,-0.10184,0.25089,0.59633,8,0.00031669,0.31669
6.04388,0.59646,174.812,-2.154,-177.791,-0.10191,0.25083,0.59646,8,0.00018669,0.18669
6.07260,0.59646,174.812,-2.154,-177.791,-0.10191,0.25083,0.59646,8,0.00018669,0.18669
6.10992,0.59633,174.945,-2.1,-177.834,-0.10184,0.25089,0.59633,8,0.00031669,0.31669
6.14035,0.59587,175.236,-2.162,-178.022,-0.10154,0.25054,0.59587,8,0.00077669,0.77669
6.17390,0.59646,174.812,-2.154,-177.791,-0.10191,0.25083,0.59646,8,0.00018669,0.18669
6.20839,0.59646,174.812,-2.154,-177.791,-0.10191,0.25083,0.59646,8,0.00018669,0.18669
6.24078,0.5971,174.885,-2.012,-177.874,-0.10183,0.25092,0.5971,8,-0.00045331,-0.45331
6.27802,0.59546,175.2,-2.447,-177.954,-0.10171,0.25054,0.59546,8,0.00118669,1.18669
6.30863,0.59701,174.712,-1.925,-177.816,-0.10181,0.25078,0.59701,8,-0.00036331,-0.36331
6.34001,0.59701,174.712,-1.925,-177.816,-0.10181,0.25078,0.59701,8,-0.00036331,-0.36331
6.37681,0.59701,174.712,-1.925,-177.816,-0.10181,0.25078,0.59701,8,-0.00036331,-0.36331
6.40981,0.59646,174.812,-2.154,-177.791,-0.10191,0.25083,0.59646,8,0.00018669,0.18669
6.44116,0.59701,174.712,-1.925,-177.816,-0.10181,0.25078,0.59701,8,-0.00036331,-0.36331
6.47835,0.59546,175.2,-2.447,-177.954,-0.10171,0.25054,0.59546,8,0.00118669,1.18669
6.50826,0.59634,175.082,-2.092,-177.966,-0.10167,0.25069,0.59634,8,0.00030669,0.30669
6.54016,0.59646,174.812,-2.154,-177.791,-0.10191,0.25083,0.59646,8,0.00018669,0.18669
6.57747,0.59593,175.047,-2.375,-177.897,-0.10183,0.25069,0.59593,8,0.00071669,0.71669
6.60920,0.59657,175.165,-2.097,-177.835,-0.10195,0.25104,0.59657,8,0.00007669,0.07669
6.63992,0.59646,174.812,-2.154,-177.791,-0.10191,0.25083,0.59646,8,0.00018669,0.18669
6.67690,0.59648,174.949,-2.145,-177.922,-0.10173,0.25064,0.59648,8,0.00016669,0.16669
6.71042,0.59701,174.712,-1.925,-177.816,-0.10181,0.25078,0.59701,8,-0.00036331,-0.36331
6.74458,0.59701,174.712,-1.925,-177.816,-0.10181,0.25078,0.59701,8,-0.00036331,-0.36331
6.77751,0.59688,174.846,-1.87,-177.859,-0.10174,0.25083,0.59688,8,-0.00023331,-0.23331
6.80943,0.59701,174.712,-1.925,-177.816,-0.10181,0.25078,0.59701,8,-0.00036331,-0.36331
6.85043,0.59688,174.846,-1.87,-177.859,-0.10174,0.25083,0.59688,8,-0.00023331,-0.23331
6.87598,0.59688,174.846,-1.87,-177.859,-0.10174,0.25083,0.59688,8,-0.00023331,-0.23331
6.90810,0.59701,174.712,-1.925,-177.816,-0.10181,0.25078,0.59701,8,-0.00036331,-0.36331
6.94653,0.59701,174.712,-1.925,-177.816,-0.10181,0.25078,0.59701,8,-0.00036331,-0.36331
6.97649,0.59671,175.032,-2.15,-177.792,-0.10201,0.25099,0.59671,8,-0.00006331,-0.06331
7.00914,0.59646,174.812,-2.154,-177.791,-0.10191,0.25083,0.59646,8,0.00018669,0.18669
7.04695,0.59657,175.165,-2.097,-177.835,-0.10195,0.25104,0.59657,8,0.00007669,0.07669
7.07674,0.59646,174.812,-2.154,-177.791,-0.10191,0.25083,0.59646,8,0.00018669,0.18669
7.10966,0.59648,174.949,-2.145,-177.922,-0.10173,0.25064,0.59648,8,0.00016669,0.16669
7.14860,0.59673,174.633,-1.925,-177.834,-0.10158,0.25066,0.59673,8,-0.00008331,-0.08331
7.17749,0.59659,174.766,-1.869,-177.878,-0.10152,0.25072,0.59659,8,0.00005669,0.05669
7.20834,0.59646,174.812,-2.154,-177.791,-0.10191,0.25083,0.59646,8,0.00018669,0.18669
7.24599,0.59546,175.2,-2.447,-177.954,-0.10171,0.25054,0.59546,8,0.00118669,1.18669
7.28069,0.59673,174.633,-1.925,-177.834,-0.10158,0.25066,0.59673,8,-0.00008331,-0.08331
7.31293,0.59701,174.712,-1.925,-177.816,-0.10181,0.25078,0.59701,8,-0.00036331,-0.36331
7.34423,0.59657,175.165,-2.097,-177.835,-0.10195,0.25104,0.59657,8,0.00007669,0.07669
7.37684,0.59633,174.945,-2.1,-177.834,-0.10184,0.25089,0.59633,8,0.00031669,0.31669
7.41516,0.59704,174.85,-1.917,-177.948,-0.10163,0.25058,0.59704,8,-0.00039331,-0.39331
7.44464,0.59646,174.812,-2.154,-177.791,-0.10191,0.25083,0.59646,8,0.00018669,0.18669
7.47946,0.59701,174.712,-1.925,-177.816,-0.10181,0.25078,0.59701,8,-0.00036331,-0.36331
7.51432,0.59727,174.933,-1.92,-177.817,-0.10191,0.25093,0.59727,8,-0.00062331,-0.62331
7.54643,0.59727,174.933,-1.92,-177.817,-0.10191,0.25093,0.59727,8,-0.00062331,-0.62331
7.57847,0.59701,174.712,-1.925,-177.816,-0.10181,0.25078,0.59701,8,-0.00036331,-0.36331
7.61422,0.59688,174.846,-1.87,-177.859,-0.10174,0.25083,0.59688,8,-0.00023331,-0.23331
7.64727,0.59648,174.949,-2.145,-177.922,-0.10173,0.25064,0.59648,8,0.00016669,0.16669
7.67611,0.59688,174.846,-1.87,-177.859,-0.10174,0.25083,0.59688,8,-0.00023331,-0.23331
7.71506,0.59727,174.933,-1.92,-177.817,-0.10191,0.25093,0.59727,8,-0.00062331,-0.62331
7.74415,0.59646,174.812,-2.154,-177.791,-0.10191,0.25083,0.59646,8,0.00018669,0.18669
7.77676,0.59646,174.812,-2.154,-177.791,-0.10191,0.25083,0.59646,8,0.00018669,0.18669
7.81377,0.59701,174.712,-1.925,-177.816,-0.10181,0.25078,0.59701,8,-0.00036331,-0.36331
7.84498,0.59701,174.712,-1.925,-177.816,-0.10181,0.25078,0.59701,8,-0.00036331,-0.36331
7.88213,0.59701,174.712,-1.925,-177.816,-0.10181,0.25078,0.59701,8,-0.00036331,-0.36331
7.91406,0.59688,174.846,-1.87,-177.859,-0.10174,0.25083,0.59688,8,-0.00023331,-0.23331
7.94397,0.59593,175.047,-2.375,-177.897,-0.10183,0.25069,0.59593,8,0.00071669,0.71669
7.98189,0.5966,175.025,-2.104,-177.816,-0.10207,0.251,0.5966,8,0.00004669,0.04669
