t,v_cmd,v_mes,x_rel
0.0000,0.00001,0.00000,0.00000
0.0140,0.00220,0.00000,0.00000
0.0220,0.00345,0.00001,0.00000
0.0300,0.00471,0.00001,0.00000
0.0380,0.00596,0.00345,0.00002
0.0460,0.00720,0.00345,0.00005
0.0540,0.00845,0.00596,0.00009
0.0620,0.00968,0.00596,0.00014
0.0700,0.01091,0.00845,0.00021
0.0780,0.01214,0.00845,0.00027
0.0860,0.01335,0.01091,0.00036
0.0940,0.01456,0.01091,0.00045
0.1021,0.01576,0.01335,0.00055
0.1101,0.01695,0.01335,0.00066
0.1181,0.01812,0.01576,0.00078
0.1261,0.01929,0.01576,0.00091
0.1341,0.02044,0.01812,0.00105
0.1421,0.02158,0.01812,0.00119
0.1501,0.02271,0.02044,0.00135
0.1581,0.02382,0.02044,0.00152
0.1661,0.02492,0.02271,0.00170
0.1741,0.02600,0.02271,0.00170
0.1821,0.02707,0.02271,0.00188
0.1901,0.02812,0.02492,0.00207
0.1981,0.02915,0.02492,0.00227
0.2061,0.03016,0.02812,0.00249
0.2141,0.03115,0.02812,0.00272
0.2221,0.03213,0.03016,0.00296
0.2301,0.03308,0.03016,0.00320
0.2381,0.03401,0.03213,0.00345
0.2461,0.03492,0.03213,0.00371
0.2541,0.03581,0.03401,0.00398
0.2622,0.03668,0.03401,0.00425
0.2702,0.03752,0.03581,0.00454
0.2782,0.03834,0.03581,0.00482
0.2862,0.03914,0.03752,0.00512
0.2942,0.03991,0.03752,0.00542
0.3022,0.04065,0.03914,0.00574
0.3102,0.04137,0.03914,0.00605
0.3182,0.04206,0.04065,0.00637
0.3262,0.04273,0.04065,0.00670
0.3342,0.04337,0.04206,0.00703
0.3422,0.04398,0.04206,0.00737
0.3502,0.04456,0.04337,0.00772
0.3582,0.04512,0.04337,0.00806
0.3662,0.04565,0.04456,0.00842
0.3742,0.04615,0.04456,0.00878
0.3822,0.04661,0.04565,0.00914
0.3902,0.04705,0.04565,0.00951
0.3982,0.04746,0.04661,0.00988
0.4062,0.04785,0.04661,0.01025
0.4142,0.04819,0.04746,0.01063
0.4222,0.04851,0.04746,0.01101
0.4302,0.04880,0.04746,0.01101
0.4382,0.04906,0.04819,0.01139
0.4462,0.04929,0.04819,0.01178
0.4542,0.04948,0.04880,0.01217
0.4622,0.04965,0.04880,0.01256
0.4702,0.04978,0.04948,0.01296
0.4782,0.04988,0.04948,0.01335
0.4862,0.04995,0.04978,0.01375
0.4942,0.04999,0.04978,0.01415
0.5022,0.05000,0.04995,0.01455
0.5102,0.04997,0.04995,0.01495
0.5183,0.04992,0.05000,0.01535
0.5263,0.04983,0.05000,0.01575
0.5343,0.04971,0.04992,0.01615
0.5423,0.04956,0.04992,0.01655
0.5503,0.04938,0.04971,0.01694
0.5583,0.04916,0.04971,0.01734
0.5663,0.04892,0.04938,0.01774
0.5743,0.04864,0.04938,0.01813
0.5823,0.04834,0.04892,0.01852
0.5903,0.04800,0.04892,0.01892
0.5983,0.04763,0.04834,0.01930
0.6063,0.04724,0.04834,0.01969
0.6143,0.04681,0.04763,0.02007
0.6223,0.04635,0.04763,0.02045
0.6303,0.04587,0.04681,0.02083
0.6383,0.04535,0.04681,0.02120
0.6463,0.04481,0.04587,0.02157
0.6543,0.04424,0.04587,0.02193
0.6623,0.04364,0.04481,0.02229
0.6703,0.04301,0.04481,0.02265
0.6783,0.04236,0.04364,0.02300
0.6863,0.04167,0.04364,0.02300
0.6943,0.04097,0.04364,0.02335
0.7024,0.04023,0.04236,0.02369
0.7104,0.03947,0.04236,0.02403
0.7184,0.03869,0.04023,0.02435
0.7264,0.03788,0.04023,0.02468
0.7344,0.03705,0.03869,0.02499
0.7424,0.03619,0.03869,0.02530
0.7504,0.03531,0.03705,0.02559
0.7584,0.03441,0.03705,0.02589
0.7664,0.03349,0.03531,0.02617
0.7744,0.03255,0.03531,0.02646
0.7824,0.03158,0.03349,0.02673
0.7904,0.03060,0.03349,0.02699
0.7984,0.02959,0.03158,0.02725
0.8064,0.02857,0.03158,0.02750
0.8144,0.02753,0.02959,0.02774
0.8224,0.02647,0.02959,0.02798
0.8304,0.02540,0.02753,0.02820
0.8384,0.02430,0.02753,0.02842
0.8464,0.02320,0.02540,0.02862
0.8544,0.02208,0.02540,0.02883
0.8624,0.02094,0.02320,0.02902
0.8704,0.01979,0.02320,0.02920
0.8784,0.01863,0.02094,0.02937
0.8864,0.01746,0.02094,0.02954
0.8945,0.01628,0.01863,0.02969
0.9025,0.01508,0.01863,0.02984
0.9105,0.01388,0.01628,0.02997
0.9185,0.01267,0.01628,0.02997
0.9265,0.01145,0.01628,0.03010
0.9345,0.01022,0.01388,0.03022
0.9425,0.00899,0.01388,0.03033
0.9505,0.00775,0.01022,0.03042
0.9585,0.00650,0.01022,0.03050
0.9665,0.00525,0.00775,0.03056
0.9745,0.00400,0.00775,0.03063
0.9825,0.00275,0.00525,0.03067
0.9905,0.00149,0.00525,0.03071
0.9985,0.00024,0.00275,0.03074
1.0065,-0.00102,0.00275,0.03076
1.0145,-0.00228,0.00024,0.03076
1.0225,-0.00353,0.00024,0.03077
1.0305,-0.00479,-0.00228,0.03075
1.0385,-0.00604,-0.00228,0.03073
1.0465,-0.00728,-0.00479,0.03070
1.0545,-0.00852,-0.00479,0.03066
1.0625,-0.00976,-0.00728,0.03060
1.0705,-0.01099,-0.00728,0.03055
1.0785,-0.01221,-0.00976,0.03047
1.0865,-0.01343,-0.00976,0.03039
1.0945,-0.01463,-0.01221,0.03030
1.1025,-0.01583,-0.01221,0.03020
1.1105,-0.01702,-0.01463,0.03009
1.1186,-0.01820,-0.01463,0.02997
1.1266,-0.01936,-0.01702,0.02984
1.1346,-0.02051,-0.01702,0.02970
1.1426,-0.02165,-0.01702,0.02970
1.1506,-0.02278,-0.01936,0.02955
1.1586,-0.02389,-0.01936,0.02939
1.1666,-0.02499,-0.02165,0.02922
1.1746,-0.02607,-0.02165,0.02905
1.1826,-0.02714,-0.02499,0.02886
1.1906,-0.02818,-0.02499,0.02866
1.1986,-0.02921,-0.02714,0.02844
1.2066,-0.03022,-0.02714,0.02822
1.2146,-0.03122,-0.02921,0.02799
1.2226,-0.03219,-0.02921,0.02776
1.2306,-0.03314,-0.03122,0.02751
1.2386,-0.03407,-0.03122,0.02726
1.2466,-0.03498,-0.03314,0.02700
1.2547,-0.03587,-0.03314,0.02673
1.2627,-0.03673,-0.03498,0.02645
1.2707,-0.03757,-0.03498,0.02617
1.2787,-0.03839,-0.03673,0.02588
1.2867,-0.03919,-0.03673,0.02559
1.2947,-0.03995,-0.03839,0.02528
1.3027,-0.04070,-0.03839,0.02498
1.3107,-0.04141,-0.03995,0.02466
1.3187,-0.04211,-0.03995,0.02434
1.3267,-0.04277,-0.04141,0.02401
1.3347,-0.04341,-0.04141,0.02368
1.3427,-0.04402,-0.04277,0.02333
1.3507,-0.04460,-0.04277,0.02299
1.3587,-0.04515,-0.04402,0.02264
1.3667,-0.04568,-0.04402,0.02229
1.3747,-0.04618,-0.04515,0.02193
1.3827,-0.04664,-0.04515,0.02157
1.3907,-0.04708,-0.04618,0.02120
1.3987,-0.04749,-0.04618,0.02083
1.4067,-0.04787,-0.04618,0.02083
1.4147,-0.04822,-0.04708,0.02045
1.4227,-0.04853,-0.04708,0.02008
1.4307,-0.04882,-0.04787,0.01969
1.4387,-0.04908,-0.04787,0.01931
1.4467,-0.04930,-0.04882,0.01892
1.4548,-0.04950,-0.04882,0.01853
1.4628,-0.04966,-0.04930,0.01813
1.4708,-0.04979,-0.04930,0.01774
1.4788,-0.04989,-0.04966,0.01734
1.4868,-0.04996,-0.04966,0.01695
1.4948,-0.04999,-0.04989,0.01655
1.5028,-0.05000,-0.04989,0.01615
1.5108,-0.04997,-0.04999,0.01575
1.5188,-0.04991,-0.04999,0.01535
1.5268,-0.04982,-0.04997,0.01495
1.5348,-0.04970,-0.04997,0.01455
1.5428,-0.04955,-0.04982,0.01415
1.5508,-0.04936,-0.04982,0.01375
1.5588,-0.04915,-0.04955,0.01335
1.5668,-0.04890,-0.04955,0.01296
1.5748,-0.04863,-0.04915,0.01257
1.5828,-0.04832,-0.04915,0.01217
1.5908,-0.04798,-0.04863,0.01178
1.5988,-0.04761,-0.04863,0.01139
1.6068,-0.04721,-0.04798,0.01101
1.6148,-0.04678,-0.04798,0.01063
1.6228,-0.04632,-0.04721,0.01025
1.6308,-0.04584,-0.04721,0.00987
1.6388,-0.04532,-0.04632,0.00950
1.6468,-0.04477,-0.04632,0.00913
1.6548,-0.04420,-0.04532,0.00877
1.6628,-0.04360,-0.04532,0.00877
1.6708,-0.04297,-0.04532,0.00840
1.6789,-0.04231,-0.04420,0.00805
1.6869,-0.04163,-0.04420,0.00770
1.6949,-0.04092,-0.04231,0.00735
1.7029,-0.04018,-0.04231,0.00702
1.7109,-0.03942,-0.04092,0.00669
1.7189,-0.03864,-0.04092,0.00636
1.7269,-0.03783,-0.03942,0.00604
1.7349,-0.03699,-0.03942,0.00573
1.7429,-0.03614,-0.03783,0.00542
1.7509,-0.03526,-0.03783,0.00512
1.7589,-0.03435,-0.03614,0.00483
1.7669,-0.03343,-0.03614,0.00454
1.7749,-0.03248,-0.03435,0.00427
1.7829,-0.03152,-0.03435,0.00399
1.7909,-0.03053,-0.03248,0.00373
1.7989,-0.02953,-0.03248,0.00347
1.8069,-0.02850,-0.03053,0.00322
1.8149,-0.02746,-0.03053,0.00298
1.8229,-0.02640,-0.02850,0.00275
1.8309,-0.02533,-0.02850,0.00252
1.8389,-0.02423,-0.02640,0.00231
1.8469,-0.02313,-0.02640,0.00210
1.8550,-0.02200,-0.02423,0.00190
1.8630,-0.02087,-0.02423,0.00171
1.8710,-0.01972,-0.02200,0.00153
1.8790,-0.01856,-0.02200,0.00135
1.8870,-0.01738,-0.01972,0.00119
1.8950,-0.01620,-0.01972,0.00103
1.9030,-0.01501,-0.01738,0.00089
1.9110,-0.01380,-0.01738,0.00089
1.9190,-0.01259,-0.01738,0.00075
1.9270,-0.01137,-0.01501,0.00063
1.9350,-0.01014,-0.01501,0.00051
1.9430,-0.00891,-0.01137,0.00041
1.9510,-0.00767,-0.01137,0.00032
1.9590,-0.00642,-0.00891,0.00025
1.9670,-0.00517,-0.00891,0.00018
1.9750,-0.00392,-0.00642,0.00012
1.9830,-0.00267,-0.00642,0.00007
1.9910,-0.00141,-0.00392,0.00004
1.9990,-0.00015,-0.00392,0.00000
2.0070,0.00110,-0.00141,-0.00001
2.0150,0.00236,-0.00141,-0.00002
2.0230,0.00362,0.00110,-0.00002
2.0310,0.00487,0.00110,-0.00001
2.0390,0.00612,0.00362,0.00002
2.0470,0.00736,0.00362,0.00005
2.0551,0.00860,0.00612,0.00009
2.0631,0.00984,0.00612,0.00014
2.0711,0.01107,0.00860,0.00021
2.0791,0.01229,0.00860,0.00028
2.0871,0.01351,0.01107,0.00036
2.0951,0.01471,0.01107,0.00045
2.1031,0.01591,0.01351,0.00056
2.1111,0.01710,0.01351,0.00066
2.1191,0.01827,0.01591,0.00079
2.1271,0.01944,0.01591,0.00092
2.1351,0.02059,0.01591,0.00092
2.1431,0.02173,0.01827,0.00106
2.1511,0.02285,0.01827,0.00121
2.1591,0.02396,0.02173,0.00137
2.1671,0.02506,0.02173,0.00155
2.1751,0.02614,0.02396,0.00174
2.1831,0.02720,0.02396,0.00193
2.1911,0.02825,0.02614,0.00214
2.1991,0.02928,0.02614,0.00234
2.2071,0.03029,0.02825,0.00257
2.2151,0.03128,0.02825,0.00279
2.2231,0.03225,0.03029,0.00303
2.2311,0.03320,0.03029,0.00328
2.2391,0.03413,0.03225,0.00353
2.2471,0.03504,0.03225,0.00379
2.2552,0.03592,0.03413,0.00406
2.2632,0.03679,0.03413,0.00433
2.2712,0.03763,0.03592,0.00462
2.2792,0.03844,0.03592,0.00491
2.2872,0.03923,0.03763,0.00521
2.2952,0.04000,0.03763,0.00551
2.3032,0.04075,0.03923,0.00582
2.3112,0.04146,0.03923,0.00614
2.3192,0.04215,0.04075,0.00646
2.3272,0.04281,0.04075,0.00679
2.3352,0.04345,0.04215,0.00712
2.3432,0.04406,0.04215,0.00746
2.3512,0.04464,0.04345,0.00781
2.3592,0.04519,0.04345,0.00815
2.3673,0.04571,0.04464,0.00851
2.3753,0.04621,0.04464,0.00887
2.3833,0.04667,0.04464,0.00887
2.3913,0.04711,0.04571,0.00923
2.3993,0.04752,0.04571,0.00960
2.4073,0.04789,0.04667,0.00997
2.4153,0.04824,0.04667,0.01034
2.4233,0.04855,0.04789,0.01073
2.4313,0.04884,0.04789,0.01111
2.4393,0.04909,0.04855,0.01150
2.4473,0.04932,0.04855,0.01189
2.4553,0.04951,0.04909,0.01228
2.4633,0.04967,0.04909,0.01267
2.4713,0.04980,0.04951,0.01307
2.4793,0.04989,0.04951,0.01346
2.4873,0.04996,0.04980,0.01386
2.4953,0.04999,0.04980,0.01426
2.5033,0.05000,0.04996,0.01466
2.5113,0.04997,0.04996,0.01506
2.5193,0.04991,0.05000,0.01546
2.5273,0.04982,0.05000,0.01586
2.5353,0.04969,0.04991,0.01626
2.5433,0.04954,0.04991,0.01666
2.5513,0.04935,0.04969,0.01706
2.5593,0.04913,0.04969,0.01745
2.5673,0.04889,0.04935,0.01785
2.5753,0.04861,0.04935,0.01824
2.5833,0.04830,0.04889,0.01863
2.5913,0.04796,0.04889,0.01903
2.5994,0.04758,0.04830,0.01941
2.6074,0.04718,0.04830,0.01980
2.6154,0.04675,0.04758,0.02018
2.6234,0.04629,0.04758,0.02056
2.6314,0.04580,0.04675,0.02093
2.6394,0.04528,0.04675,0.02131
2.6474,0.04474,0.04675,0.02131
2.6554,0.04416,0.04580,0.02168
2.6634,0.04356,0.04580,0.02204
2.6714,0.04293,0.04416,0.02240
2.6794,0.04227,0.04416,0.02275
2.6874,0.04158,0.04293,0.02309
2.6954,0.04087,0.04293,0.02344
2.7034,0.04013,0.04158,0.02377
2.7114,0.03937,0.04158,0.02410
2.7194,0.03858,0.04013,0.02443
2.7274,0.03777,0.04013,0.02475
2.7354,0.03694,0.03858,0.02506
2.7434,0.03608,0.03858,0.02537
2.7514,0.03519,0.03694,0.02566
2.7594,0.03429,0.03694,0.02596
2.7675,0.03336,0.03519,0.02624
2.7755,0.03242,0.03519,0.02652
2.7835,0.03145,0.03336,0.02679
2.7915,0.03046,0.03336,0.02706
2.7995,0.02946,0.03145,0.02731
2.8075,0.02843,0.03145,0.02756
2.8155,0.02739,0.02946,0.02780
2.8235,0.02633,0.02946,0.02804
2.8315,0.02525,0.02739,0.02826
2.8395,0.02416,0.02739,0.02848
2.8475,0.02305,0.02525,0.02868
2.8555,0.02193,0.02525,0.02888
2.8635,0.02079,0.02305,0.02907
2.8715,0.01964,0.02305,0.02925
2.8795,0.01848,0.02079,0.02942
2.8875,0.01730,0.02079,0.02959
2.8955,0.01612,0.02079,0.02959
2.9035,0.01492,0.01848,0.02974
2.9115,0.01372,0.01848,0.02989
2.9195,0.01251,0.01492,0.03001
2.9275,0.01129,0.01492,0.03013
2.9355,0.01006,0.01251,0.03024
2.9435,0.00882,0.01251,0.03034
2.9515,0.00758,0.01006,0.03042
2.9595,0.00634,0.01006,0.03050
2.9675,0.00509,0.00758,0.03056
2.9755,0.00384,0.00758,0.03062
2.9836,0.00258,0.00509,0.03067
2.9916,0.00133,0.00509,0.03071
2.9996,0.00007,0.00258,0.03073
3.0076,-0.00119,0.00258,0.03075
3.0156,-0.00244,0.00007,0.03076
3.0236,-0.00370,0.00007,0.03076
3.0316,-0.00495,-0.00244,0.03074
3.0396,-0.00620,-0.00244,0.03072
3.0476,-0.00745,-0.00495,0.03068
3.0556,-0.00869,-0.00495,0.03064
3.0636,-0.00992,-0.00745,0.03059
3.0716,-0.01115,-0.00745,0.03053
3.0796,-0.01237,-0.00992,0.03045
3.0876,-0.01359,-0.00992,0.03037
3.0956,-0.01479,-0.01237,0.03028
3.1036,-0.01599,-0.01237,0.03018
3.1116,-0.01717,-0.01479,0.03006
3.1196,-0.01835,-0.01479,0.02994
3.1276,-0.01952,-0.01479,0.02994
3.1356,-0.02067,-0.01717,0.02981
3.1436,-0.02181,-0.01717,0.02967
3.1517,-0.02293,-0.01952,0.02952
3.1597,-0.02404,-0.01952,0.02936
3.1677,-0.02513,-0.02293,0.02919
3.1757,-0.02621,-0.02293,0.02900
3.1837,-0.02728,-0.02513,0.02880
3.1917,-0.02832,-0.02513,0.02860
3.1997,-0.02935,-0.02728,0.02839
3.2077,-0.03036,-0.02728,0.02817
3.2157,-0.03135,-0.02935,0.02794
3.2237,-0.03231,-0.02935,0.02770
3.2317,-0.03326,-0.03135,0.02745
3.2397,-0.03419,-0.03135,0.02720
3.2477,-0.03510,-0.03326,0.02694
3.2557,-0.03598,-0.03326,0.02667
3.2637,-0.03685,-0.03510,0.02639
3.2717,-0.03768,-0.03510,0.02611
3.2797,-0.03850,-0.03685,0.02582
3.2877,-0.03929,-0.03685,0.02552
3.2957,-0.04005,-0.03850,0.02522
3.3037,-0.04079,-0.03850,0.02491
3.3117,-0.04151,-0.04005,0.02459
3.3198,-0.04220,-0.04005,0.02427
3.3278,-0.04286,-0.04151,0.02394
3.3358,-0.04349,-0.04151,0.02361
3.3438,-0.04410,-0.04286,0.02326
3.3518,-0.04468,-0.04286,0.02292
3.3598,-0.04523,-0.04410,0.02257
3.3678,-0.04575,-0.04410,0.02257
3.3758,-0.04624,-0.04410,0.02222
3.3838,-0.04671,-0.04523,0.02185
3.3919,-0.04714,-0.04523,0.02149
3.3999,-0.04755,-0.04671,0.02112
3.4079,-0.04792,-0.04671,0.02075
3.4159,-0.04826,-0.04755,0.02037
3.4239,-0.04858,-0.04755,0.01999
3.4319,-0.04886,-0.04826,0.01960
3.4399,-0.04911,-0.04826,0.01921
3.4479,-0.04933,-0.04886,0.01882
3.4559,-0.04952,-0.04886,0.01843
3.4639,-0.04968,-0.04933,0.01804
3.4719,-0.04981,-0.04933,0.01764
3.4799,-0.04990,-0.04968,0.01725
3.4879,-0.04996,-0.04968,0.01685
3.4959,-0.05000,-0.04990,0.01645
3.5039,-0.05000,-0.04990,0.01605
3.5119,-0.04996,-0.05000,0.01565
3.5199,-0.04990,-0.05000,0.01525
3.5279,-0.04981,-0.04996,0.01485
3.5359,-0.04968,-0.04996,0.01445
3.5440,-0.04952,-0.04981,0.01405
3.5520,-0.04934,-0.04981,0.01365
3.5600,-0.04912,-0.04952,0.01326
3.5680,-0.04886,-0.04952,0.01286
3.5760,-0.04858,-0.04912,0.01247
3.5840,-0.04827,-0.04912,0.01208
3.5920,-0.04793,-0.04858,0.01169
3.6000,-0.04755,-0.04858,0.01130
3.6080,-0.04715,-0.04793,0.01091
3.6160,-0.04672,-0.04793,0.01091
3.6240,-0.04625,-0.04793,0.01053
3.6320,-0.04576,-0.04715,0.01015
3.6400,-0.04524,-0.04715,0.00978
3.6480,-0.04469,-0.04576,0.00941
3.6560,-0.04411,-0.04576,0.00904
3.6640,-0.04351,-0.04469,0.00869
3.6720,-0.04288,-0.04469,0.00833
3.6800,-0.04222,-0.04351,0.00798
3.6880,-0.04153,-0.04351,0.00763
3.6960,-0.04082,-0.04222,0.00729
3.7040,-0.04008,-0.04222,0.00695
3.7120,-0.03931,-0.04082,0.00663
3.7200,-0.03852,-0.04082,0.00630
3.7280,-0.03771,-0.03931,0.00598
3.7360,-0.03687,-0.03931,0.00567
3.7440,-0.03601,-0.03771,0.00537
3.7520,-0.03513,-0.03771,0.00507
3.7600,-0.03422,-0.03601,0.00478
3.7680,-0.03330,-0.03601,0.00449
3.7760,-0.03235,-0.03422,0.00421
3.7840,-0.03138,-0.03422,0.00394
3.7921,-0.03039,-0.03235,0.00368
3.8001,-0.02938,-0.03235,0.00342
3.8081,-0.02836,-0.03039,0.00317
3.8161,-0.02731,-0.03039,0.00293
3.8241,-0.02625,-0.02836,0.00270
3.8321,-0.02517,-0.02836,0.00248
3.8401,-0.02408,-0.02625,0.00226
3.8481,-0.02297,-0.02625,0.00205
3.8561,-0.02184,-0.02408,0.00186
3.8641,-0.02071,-0.02408,0.00167
3.8721,-0.01955,-0.02184,0.00149
3.8801,-0.01839,-0.02184,0.00149
3.8881,-0.01722,-0.02184,0.00131
3.8961,-0.01603,-0.01955,0.00115
3.9041,-0.01483,-0.01955,0.00100
3.9121,-0.01363,-0.01603,0.00086
3.9201,-0.01242,-0.01603,0.00074
3.9281,-0.01119,-0.01363,0.00062
3.9361,-0.00996,-0.01363,0.00051
3.9441,-0.00873,-0.01119,0.00042
3.9521,-0.00749,-0.01119,0.00033
3.9601,-0.00624,-0.00873,0.00026
3.9681,-0.00500,-0.00873,0.00019
3.9762,-0.00374,-0.00624,0.00014
3.9842,-0.00249,-0.00624,0.00009
3.9922,-0.00123,-0.00374,0.00005
4.0002,0.00002,-0.00374,0.00002
4.0082,0.00128,-0.00123,0.00001
4.0162,0.00254,-0.00123,0.00000
4.0242,0.00379,0.00128,0.00001
4.0322,0.00505,0.00128,0.00002
4.0402,0.00630,0.00379,0.00005
4.0482,0.00754,0.00379,0.00008
4.0562,0.00878,0.00630,0.00012
4.0642,0.01002,0.00630,0.00017
4.0722,0.01124,0.00878,0.00024
4.0802,0.01247,0.00878,0.00031
4.0882,0.01368,0.01124,0.00040
4.0962,0.01488,0.01124,0.00049
4.1042,0.01608,0.01368,0.00059
4.1122,0.01726,0.01368,0.00070
4.1202,0.01844,0.01608,0.00083
4.1282,0.01960,0.01608,0.00096
4.1363,0.02076,0.01608,0.00096
4.1443,0.02189,0.01844,0.00110
4.1523,0.02302,0.01844,0.00125
4.1603,0.02413,0.02076,0.00141
4.1683,0.02522,0.02076,0.00158
4.1763,0.02630,0.02413,0.00177
4.1843,0.02736,0.02413,0.00196
4.1923,0.02840,0.02630,0.00217
4.2003,0.02943,0.02630,0.00238
4.2083,0.03043,0.02840,0.00260
4.2163,0.03142,0.02840,0.00283
4.2243,0.03239,0.03043,0.00307
4.2323,0.03334,0.03043,0.00332
4.2403,0.03426,0.03239,0.00357
4.2483,0.03517,0.03239,0.00383
4.2563,0.03605,0.03426,0.00410
4.2643,0.03691,0.03426,0.00438
4.2723,0.03775,0.03605,0.00467
4.2803,0.03856,0.03605,0.00495
4.2883,0.03935,0.03775,0.00525
4.2963,0.04011,0.03775,0.00556
4.3044,0.04085,0.03935,0.00587
4.3124,0.04156,0.03935,0.00618
4.3204,0.04225,0.04085,0.00651
4.3284,0.04291,0.04085,0.00684
4.3364,0.04354,0.04225,0.00717
4.3444,0.04414,0.04225,0.00751
4.3524,0.04472,0.04354,0.00786
4.3604,0.04527,0.04354,0.00821
4.3684,0.04579,0.04354,0.00821
4.3764,0.04628,0.04472,0.00856
4.3844,0.04674,0.04472,0.00892
4.3924,0.04717,0.04628,0.00929
4.4004,0.04757,0.04628,0.00966
4.4084,0.04794,0.04717,0.01004
4.4164,0.04829,0.04717,0.01042
4.4244,0.04860,0.04794,0.01080
4.4324,0.04888,0.04794,0.01118
4.4404,0.04913,0.04860,0.01157
4.4484,0.04935,0.04860,0.01196
4.4564,0.04953,0.04913,0.01235
4.4644,0.04969,0.04913,0.01275
4.4724,0.04981,0.04953,0.01314
4.4804,0.04991,0.04953,0.01354
4.4884,0.04997,0.04981,0.01394
4.4964,0.05000,0.04981,0.01434
4.5045,0.05000,0.04997,0.01474
4.5125,0.04996,0.04997,0.01514
4.5205,0.04990,0.05000,0.01554
4.5285,0.04980,0.05000,0.01594
4.5365,0.04967,0.04990,0.01633
4.5445,0.04951,0.04990,0.01673
4.5525,0.04932,0.04967,0.01713
4.5605,0.04910,0.04967,0.01753
4.5685,0.04885,0.04932,0.01792
4.5765,0.04856,0.04932,0.01832
4.5845,0.04825,0.04885,0.01871
4.5925,0.04790,0.04885,0.01910
4.6005,0.04753,0.04825,0.01949
4.6085,0.04712,0.04825,0.01987
4.6165,0.04669,0.04825,0.01987
4.6245,0.04622,0.04753,0.02025
4.6325,0.04573,0.04753,0.02063
4.6405,0.04521,0.04669,0.02101
4.6485,0.04465,0.04669,0.02138
4.6565,0.04407,0.04521,0.02174
4.6645,0.04347,0.04521,0.02210
4.6725,0.04283,0.04407,0.02246
4.6805,0.04217,0.04407,0.02281
4.6886,0.04148,0.04283,0.02315
4.6966,0.04077,0.04283,0.02350
4.7046,0.04003,0.04148,0.02383
4.7126,0.03926,0.04148,0.02416
4.7206,0.03847,0.04003,0.02448
4.7286,0.03765,0.04003,0.02480
4.7366,0.03681,0.03847,0.02511
4.7446,0.03595,0.03847,0.02542
4.7526,0.03507,0.03681,0.02571
4.7606,0.03416,0.03681,0.02601
4.7686,0.03323,0.03507,0.02629
4.7766,0.03228,0.03507,0.02657
4.7846,0.03131,0.03323,0.02684
4.7926,0.03032,0.03323,0.02710
4.8006,0.02931,0.03131,0.02736
4.8086,0.02828,0.03131,0.02761
4.8166,0.02724,0.02931,0.02784
4.8246,0.02618,0.02931,0.02808
4.8326,0.02510,0.02724,0.02830
4.8406,0.02400,0.02724,0.02852
4.8486,0.02289,0.02510,0.02872
4.8566,0.02177,0.02510,0.02892
4.8646,0.02063,0.02510,0.02892
4.8726,0.01948,0.02289,0.02911
4.8806,0.01831,0.02289,0.02929
4.8886,0.01714,0.02063,0.02946
4.8967,0.01595,0.02063,0.02962
4.9047,0.01475,0.01714,0.02976
4.9127,0.01355,0.01714,0.02990
4.9207,0.01233,0.01475,0.03002
4.9287,0.01111,0.01475,0.03014
4.9367,0.00988,0.01233,0.03024
4.9447,0.00865,0.01233,0.03034
4.9527,0.00741,0.00988,0.03042
4.9607,0.00616,0.00988,0.03050
4.9687,0.00491,0.00741,0.03056
4.9767,0.00366,0.00741,0.03062
4.9847,0.00240,0.00491,0.03067
4.9927,0.00115,0.00491,0.03071
5.0007,-0.00011,0.00240,0.03073
5.0087,-0.00137,0.00240,0.03075
5.0167,-0.00262,-0.00011,0.03075
5.0247,-0.00388,-0.00011,0.03075
5.0327,-0.00513,-0.00262,0.03073
5.0407,-0.00638,-0.00262,0.03071
5.0487,-0.00762,-0.00513,0.03067
5.0567,-0.00886,-0.00513,0.03063
5.0647,-0.01010,-0.00762,0.03057
5.0727,-0.01133,-0.00762,0.03051
5.0807,-0.01255,-0.01010,0.03043
5.0887,-0.01376,-0.01010,0.03035
5.0967,-0.01496,-0.01255,0.03026
5.1047,-0.01616,-0.01255,0.03016
5.1127,-0.01734,-0.01496,0.03004
5.1207,-0.01852,-0.01496,0.03004
5.1288,-0.01968,-0.01496,0.02992
5.1368,-0.02083,-0.01734,0.02978
5.1448,-0.02196,-0.01734,0.02964
5.1528,-0.02309,-0.02083,0.02948
5.1608,-0.02419,-0.02083,0.02932
5.1688,-0.02529,-0.02309,0.02914
5.1768,-0.02636,-0.02309,0.02895
5.1848,-0.02742,-0.02529,0.02875
5.1928,-0.02847,-0.02529,0.02855
5.2008,-0.02949,-0.02742,0.02833
5.2088,-0.03050,-0.02742,0.02811
5.2168,-0.03148,-0.02949,0.02788
5.2248,-0.03245,-0.02949,0.02764
5.2328,-0.03340,-0.03148,0.02739
5.2408,-0.03432,-0.03148,0.02714
5.2488,-0.03522,-0.03340,0.02688
5.2568,-0.03611,-0.03340,0.02661
5.2648,-0.03696,-0.03522,0.02633
5.2728,-0.03780,-0.03522,0.02605
5.2808,-0.03861,-0.03696,0.02575
5.2888,-0.03940,-0.03696,0.02546
5.2968,-0.04016,-0.03861,0.02515
5.3048,-0.04089,-0.03861,0.02484
5.3129,-0.04160,-0.04016,0.02452
5.3209,-0.04229,-0.04016,0.02420
5.3289,-0.04295,-0.04160,0.02387
5.3369,-0.04358,-0.04160,0.02353
5.3449,-0.04418,-0.04295,0.02319
5.3529,-0.04475,-0.04295,0.02285
5.3609,-0.04530,-0.04418,0.02249
5.3689,-0.04582,-0.04418,0.02249
5.3769,-0.04631,-0.04418,0.02214
5.3849,-0.04677,-0.04530,0.02178
5.3929,-0.04720,-0.04530,0.02142
5.4009,-0.04760,-0.04677,0.02104
5.4089,-0.04797,-0.04677,0.02067
5.4169,-0.04831,-0.04760,0.02029
5.4249,-0.04862,-0.04760,0.01991
5.4329,-0.04889,-0.04831,0.01952
5.4409,-0.04914,-0.04831,0.01914
5.4489,-0.04936,-0.04889,0.01875
5.4569,-0.04954,-0.04889,0.01835
5.4649,-0.04970,-0.04936,0.01796
5.4729,-0.04982,-0.04936,0.01756
5.4809,-0.04991,-0.04970,0.01717
5.4889,-0.04997,-0.04970,0.01677
5.4969,-0.05000,-0.04991,0.01637
5.5049,-0.04999,-0.04991,0.01597
5.5129,-0.04996,-0.05000,0.01557
5.5209,-0.04989,-0.05000,0.01517
5.5289,-0.04979,-0.04996,0.01477
5.5370,-0.04966,-0.04996,0.01437
5.5450,-0.04950,-0.04979,0.01397
5.5530,-0.04931,-0.04979,0.01357
5.5610,-0.04909,-0.04950,0.01318
5.5690,-0.04883,-0.04950,0.01278
5.5770,-0.04855,-0.04909,0.01239
5.5850,-0.04823,-0.04909,0.01239
5.5930,-0.04788,-0.04909,0.01200
5.6010,-0.04751,-0.04855,0.01161
5.6090,-0.04710,-0.04855,0.01122
5.6170,-0.04666,-0.04751,0.01084
5.6250,-0.04619,-0.04751,0.01046
5.6330,-0.04570,-0.04666,0.01009
5.6410,-0.04517,-0.04666,0.00971
5.6490,-0.04462,-0.04570,0.00935
5.6570,-0.04404,-0.04570,0.00898
5.6650,-0.04343,-0.04462,0.00862
5.6730,-0.04279,-0.04462,0.00827
5.6810,-0.04213,-0.04343,0.00792
5.6891,-0.04144,-0.04343,0.00757
5.6971,-0.04072,-0.04213,0.00723
5.7051,-0.03998,-0.04213,0.00690
5.7131,-0.03921,-0.04072,0.00657
5.7211,-0.03842,-0.04072,0.00624
5.7291,-0.03760,-0.03921,0.00593
5.7371,-0.03676,-0.03921,0.00562
5.7451,-0.03590,-0.03760,0.00531
5.7531,-0.03501,-0.03760,0.00501
5.7611,-0.03410,-0.03590,0.00472
5.7691,-0.03317,-0.03590,0.00444
5.7771,-0.03222,-0.03410,0.00416
5.7851,-0.03125,-0.03410,0.00389
5.7931,-0.03026,-0.03222,0.00363
5.8011,-0.02925,-0.03222,0.00337
5.8091,-0.02822,-0.03026,0.00313
5.8171,-0.02717,-0.03026,0.00289
5.8251,-0.02611,-0.02822,0.00266
5.8331,-0.02503,-0.02822,0.00266
5.8411,-0.02393,-0.02822,0.00243
5.8491,-0.02282,-0.02611,0.00222
5.8572,-0.02169,-0.02611,0.00201
5.8652,-0.02055,-0.02282,0.00182
5.8732,-0.01940,-0.02282,0.00164
5.8812,-0.01824,-0.02055,0.00147
5.8892,-0.01706,-0.02055,0.00131
5.8972,-0.01587,-0.01824,0.00116
5.9052,-0.01467,-0.01824,0.00102
5.9132,-0.01347,-0.01587,0.00089
5.9212,-0.01225,-0.01587,0.00076
5.9292,-0.01103,-0.01347,0.00065
5.9372,-0.00980,-0.01347,0.00054
5.9452,-0.00857,-0.01103,0.00045
5.9532,-0.00732,-0.01103,0.00036
5.9612,-0.00608,-0.00857,0.00029
5.9692,-0.00483,-0.00857,0.00022
5.9772,-0.00358,-0.00608,0.00017
5.9852,-0.00232,-0.00608,0.00012
5.9932,-0.00106,-0.00358,0.00009
6.0012,0.00019,-0.00358,0.00006
6.0092,0.00145,-0.00106,0.00005
6.0172,0.00271,-0.00106,0.00004
6.0252,0.00396,0.00145,0.00005
6.0332,0.00521,0.00145,0.00006
6.0413,0.00646,0.00396,0.00009
6.0493,0.00771,0.00396,0.00012
6.0573,0.00895,0.00646,0.00017
6.0653,0.01018,0.00646,0.00022
6.0733,0.01141,0.00895,0.00029
6.0813,0.01263,0.00895,0.00029
6.0893,0.01384,0.00895,0.00036
6.0973,0.01504,0.01141,0.00045
6.1053,0.01624,0.01141,0.00054
6.1133,0.01742,0.01504,0.00065
6.1213,0.01859,0.01504,0.00077
6.1293,0.01975,0.01742,0.00091
6.1373,0.02090,0.01742,0.00105
6.1453,0.02204,0.01975,0.00121
6.1533,0.02316,0.01975,0.00136
6.1613,0.02427,0.02204,0.00154
6.1693,0.02536,0.02204,0.00171
6.1773,0.02643,0.02427,0.00191
6.1853,0.02749,0.02427,0.00210
6.1933,0.02853,0.02643,0.00231
6.2013,0.02956,0.02643,0.00252
6.2093,0.03056,0.02853,0.00275
6.2173,0.03155,0.02853,0.00297
6.2253,0.03251,0.03056,0.00322
6.2333,0.03346,0.03056,0.00346
6.2413,0.03438,0.03251,0.00372
6.2493,0.03528,0.03251,0.00398
6.2574,0.03616,0.03438,0.00425
6.2654,0.03702,0.03438,0.00453
6.2734,0.03785,0.03616,0.00482
6.2814,0.03866,0.03616,0.00511
6.2894,0.03945,0.03785,0.00541
6.2974,0.04021,0.03785,0.00571
6.3054,0.04094,0.03945,0.00602
6.3134,0.04165,0.03945,0.00634
6.3214,0.04233,0.04094,0.00667
6.3294,0.04299,0.04094,0.00699
6.3374,0.04362,0.04094,0.00699
6.3454,0.04422,0.04233,0.00733
6.3534,0.04479,0.04233,0.00767
6.3614,0.04534,0.04362,0.00802
6.3694,0.04585,0.04362,0.00837
6.3774,0.04634,0.04534,0.00873
6.3854,0.04680,0.04534,0.00909
6.3934,0.04722,0.04634,0.00946
6.4014,0.04762,0.04634,0.00983
6.4094,0.04799,0.04722,0.01021
6.4174,0.04833,0.04722,0.01059
6.4254,0.04863,0.04799,0.01097
6.4334,0.04891,0.04799,0.01135
6.4414,0.04916,0.04863,0.01174
6.4494,0.04937,0.04863,0.01213
6.4575,0.04955,0.04916,0.01253
6.4655,0.04971,0.04916,0.01292
6.4735,0.04983,0.04955,0.01331
6.4815,0.04992,0.04955,0.01371
6.4895,0.04997,0.04983,0.01411
6.4975,0.05000,0.04983,0.01451
6.5055,0.04999,0.04997,0.01491
6.5135,0.04996,0.04997,0.01531
6.5215,0.04989,0.04999,0.01571
6.5295,0.04979,0.04999,0.01611
6.5375,0.04965,0.04989,0.01651
6.5455,0.04949,0.04989,0.01691
6.5535,0.04930,0.04965,0.01730
6.5615,0.04907,0.04965,0.01770
6.5695,0.04881,0.04930,0.01810
6.5775,0.04852,0.04930,0.01849
6.5855,0.04821,0.04930,0.01849
6.5935,0.04786,0.04881,0.01888
6.6015,0.04748,0.04881,0.01927
6.6095,0.04707,0.04786,0.01965
6.6175,0.04663,0.04786,0.02004
6.6255,0.04616,0.04707,0.02041
6.6335,0.04566,0.04707,0.02079
6.6415,0.04514,0.04616,0.02116
6.6495,0.04458,0.04616,0.02153
6.6575,0.04400,0.04514,0.02189
6.6655,0.04339,0.04514,0.02225
6.6735,0.04275,0.04400,0.02260
6.6816,0.04209,0.04400,0.02296
6.6896,0.04139,0.04275,0.02330
6.6976,0.04067,0.04275,0.02364
6.7056,0.03993,0.04139,0.02397
6.7136,0.03916,0.04139,0.02430
6.7216,0.03837,0.03993,0.02462
6.7296,0.03755,0.03993,0.02494
6.7376,0.03671,0.03837,0.02525
6.7456,0.03584,0.03837,0.02556
6.7536,0.03495,0.03671,0.02585
6.7616,0.03404,0.03671,0.02615
6.7696,0.03311,0.03495,0.02643
6.7776,0.03216,0.03495,0.02671
6.7856,0.03119,0.03311,0.02698
6.7936,0.03019,0.03311,0.02698
6.8016,0.02918,0.03311,0.02724
6.8096,0.02815,0.03119,0.02749
6.8176,0.02710,0.03119,0.02774
6.8256,0.02604,0.02815,0.02797
6.8336,0.02496,0.02815,0.02820
6.8417,0.02386,0.02604,0.02841
6.8497,0.02275,0.02604,0.02862
6.8577,0.02162,0.02386,0.02881
6.8657,0.02048,0.02386,0.02900
6.8737,0.01933,0.02162,0.02917
6.8817,0.01816,0.02162,0.02935
6.8897,0.01698,0.01933,0.02950
6.8977,0.01580,0.01933,0.02966
6.9057,0.01460,0.01698,0.02980
6.9137,0.01339,0.01698,0.02993
6.9217,0.01218,0.01460,0.03005
6.9297,0.01095,0.01460,0.03017
6.9377,0.00972,0.01218,0.03027
6.9457,0.00849,0.01218,0.03037
6.9537,0.00725,0.00972,0.03045
6.9617,0.00600,0.00972,0.03053
6.9697,0.00475,0.00725,0.03059
6.9777,0.00350,0.00725,0.03065
6.9857,0.00224,0.00475,0.03069
6.9937,0.00099,0.00475,0.03073
7.0017,-0.00027,0.00224,0.03075
7.0097,-0.00153,0.00224,0.03076
7.0177,-0.00278,-0.00027,0.03077
7.0257,-0.00404,-0.00027,0.03076
7.0337,-0.00529,-0.00278,0.03074
7.0417,-0.00654,-0.00278,0.03072
7.0497,-0.00778,-0.00278,0.03072
7.0577,-0.00902,-0.00529,0.03068
7.0658,-0.01026,-0.00529,0.03064
7.0738,-0.01148,-0.00778,0.03058
7.0818,-0.01270,-0.00778,0.03052
7.0898,-0.01391,-0.01148,0.03043
7.0978,-0.01512,-0.01148,0.03034
7.1058,-0.01631,-0.01391,0.03023
7.1138,-0.01749,-0.01391,0.03012
7.1218,-0.01867,-0.01631,0.02999
7.1298,-0.01983,-0.01631,0.02986
7.1378,-0.02097,-0.01867,0.02972
7.1458,-0.02211,-0.01867,0.02957
7.1538,-0.02323,-0.02097,0.02940
7.1618,-0.02433,-0.02097,0.02924
7.1698,-0.02542,-0.02323,0.02905
7.1778,-0.02650,-0.02323,0.02887
7.1858,-0.02756,-0.02542,0.02867
7.1938,-0.02860,-0.02542,0.02846
7.2018,-0.02962,-0.02756,0.02824
7.2099,-0.03063,-0.02756,0.02802
7.2179,-0.03161,-0.02962,0.02779
7.2259,-0.03258,-0.02962,0.02755
7.2339,-0.03352,-0.03161,0.02730
7.2419,-0.03444,-0.03161,0.02705
7.2499,-0.03534,-0.03352,0.02678
7.2579,-0.03622,-0.03352,0.02651
7.2659,-0.03708,-0.03534,0.02623
7.2739,-0.03791,-0.03534,0.02595
7.2819,-0.03872,-0.03534,0.02595
7.2899,-0.03950,-0.03708,0.02565
7.2979,-0.04026,-0.03708,0.02536
7.3059,-0.04099,-0.03872,0.02505
7.3139,-0.04170,-0.03872,0.02474
7.3219,-0.04238,-0.04099,0.02441
7.3299,-0.04303,-0.04099,0.02409
7.3379,-0.04366,-0.04238,0.02375
7.3460,-0.04426,-0.04238,0.02341
7.3540,-0.04483,-0.04366,0.02306
7.3620,-0.04537,-0.04366,0.02271
7.3700,-0.04589,-0.04483,0.02235
7.3780,-0.04637,-0.04483,0.02199
7.3860,-0.04683,-0.04589,0.02163
7.3940,-0.04725,-0.04589,0.02126
7.4020,-0.04765,-0.04683,0.02089
7.4100,-0.04801,-0.04683,0.02051
7.4180,-0.04835,-0.04765,0.02013
7.4260,-0.04865,-0.04765,0.01975
7.4340,-0.04893,-0.04835,0.01936
7.4420,-0.04917,-0.04835,0.01898
7.4500,-0.04938,-0.04893,0.01859
7.4580,-0.04957,-0.04893,0.01819
7.4660,-0.04972,-0.04938,0.01780
7.4740,-0.04983,-0.04938,0.01740
7.4820,-0.04992,-0.04972,0.01701
7.4900,-0.04998,-0.04972,0.01661
7.4980,-0.05000,-0.04992,0.01621
7.5060,-0.04999,-0.04992,0.01581
7.5140,-0.04995,-0.05000,0.01541
7.5220,-0.04988,-0.05000,0.01501
7.5300,-0.04978,-0.04995,0.01461
7.5380,-0.04964,-0.04995,0.01461
7.5460,-0.04948,-0.04995,0.01421
7.5541,-0.04928,-0.04978,0.01381
7.5621,-0.04905,-0.04978,0.01341
7.5701,-0.04879,-0.04928,0.01302
7.5781,-0.04850,-0.04928,0.01263
7.5861,-0.04818,-0.04879,0.01224
7.5941,-0.04783,-0.04879,0.01184
7.6021,-0.04745,-0.04818,0.01146
7.6101,-0.04704,-0.04818,0.01107
7.6181,-0.04660,-0.04745,0.01069
7.6261,-0.04613,-0.04745,0.01031
7.6341,-0.04563,-0.04660,0.00994
7.6421,-0.04510,-0.04660,0.00957
7.6501,-0.04454,-0.04563,0.00920
7.6581,-0.04396,-0.04563,0.00884
7.6661,-0.04335,-0.04454,0.00848
7.6741,-0.04271,-0.04454,0.00812
7.6821,-0.04204,-0.04335,0.00778
7.6901,-0.04134,-0.04335,0.00743
7.6981,-0.04062,-0.04204,0.00709
7.7061,-0.03988,-0.04204,0.00676
7.7141,-0.03911,-0.04062,0.00643
7.7221,-0.03831,-0.04062,0.00611
7.7301,-0.03749,-0.03911,0.00579
7.7381,-0.03665,-0.03911,0.00548
7.7461,-0.03578,-0.03749,0.00518
7.7541,-0.03489,-0.03749,0.00488
7.7621,-0.03398,-0.03578,0.00459
7.7701,-0.03305,-0.03578,0.00430
7.7781,-0.03209,-0.03398,0.00403
7.7862,-0.03112,-0.03398,0.00376
7.7942,-0.03013,-0.03209,0.00350
7.8022,-0.02911,-0.03209,0.00350
7.8102,-0.02808,-0.03209,0.00324
7.8182,-0.02703,-0.03013,0.00300
7.8262,-0.02597,-0.03013,0.00276
7.8342,-0.02488,-0.02703,0.00254
7.8422,-0.02379,-0.02703,0.00232
7.8502,-0.02267,-0.02488,0.00212
7.8582,-0.02154,-0.02488,0.00192
7.8662,-0.02040,-0.02267,0.00174
7.8742,-0.01925,-0.02267,0.00156
7.8822,-0.01808,-0.02040,0.00139
7.8902,-0.01690,-0.02040,0.00123
7.8982,-0.01572,-0.01808,0.00108
7.9062,-0.01452,-0.01808,0.00094
7.9142,-0.01331,-0.01572,0.00081
7.9222,-0.01209,-0.01572,0.00068
7.9302,-0.01087,-0.01331,0.00057
7.9383,-0.00964,-0.01331,0.00046
7.9463,-0.00840,-0.01087,0.00038
7.9543,-0.00716,-0.01087,0.00029
7.9623,-0.00591,-0.00840,0.00022
7.9703,-0.00466,-0.00840,0.00015
7.9783,-0.00341,-0.00591,0.00010
7.9863,-0.00216,-0.00591,0.00005
7.9943,-0.00090,-0.00341,0.00002
8.0023,0.00036,-0.00341,-0.00000
8.0103,0.00162,-0.00090,-0.00002
8.0183,0.00287,-0.00090,-0.00002
8.0263,0.00413,0.00162,-0.00001
8.0343,0.00538,0.00162,0.00000
8.0423,0.00663,0.00413,0.00003
8.0503,0.00787,0.00413,0.00003
8.0583,0.00911,0.00413,0.00006
8.0663,0.01034,0.00663,0.00011
8.0743,0.01157,0.00663,0.00017
8.0823,0.01279,0.01034,0.00024
8.0903,0.01400,0.01034,0.00032
8.0983,0.01520,0.01279,0.00042
8.1063,0.01639,0.01279,0.00053
8.1143,0.01758,0.01520,0.00064
8.1223,0.01875,0.01520,0.00077
8.1303,0.01991,0.01758,0.00090
8.1383,0.02105,0.01758,0.00104
8.1463,0.02219,0.01991,0.00120
8.1544,0.02331,0.01991,0.00136
8.1624,0.02441,0.02219,0.00154
8.1704,0.02550,0.02219,0.00171
8.1784,0.02657,0.02441,0.00191
8.1864,0.02763,0.02441,0.00210
8.1944,0.02867,0.02657,0.00231
8.2024,0.02969,0.02657,0.00252
8.2104,0.03069,0.02867,0.00275
8.2184,0.03167,0.02867,0.00298
8.2264,0.03264,0.03069,0.00322
8.2344,0.03358,0.03069,0.00347
8.2424,0.03450,0.03264,0.00373
8.2504,0.03540,0.03264,0.00399
8.2584,0.03628,0.03450,0.00426
8.2664,0.03713,0.03450,0.00454
8.2744,0.03796,0.03628,0.00483
8.2825,0.03877,0.03628,0.00512
8.2905,0.03955,0.03796,0.00542
8.2985,0.04031,0.03796,0.00542
8.3065,0.04104,0.03796,0.00573
8.3145,0.04175,0.03955,0.00604
8.3225,0.04242,0.03955,0.00636
8.3305,0.04308,0.04175,0.00669
8.3385,0.04370,0.04175,0.00702
8.3465,0.04430,0.04308,0.00737
8.3545,0.04487,0.04308,0.00771
8.3625,0.04541,0.04430,0.00806
8.3705,0.04592,0.04430,0.00842
8.3785,0.04640,0.04541,0.00878
8.3865,0.04686,0.04541,0.00914
8.3945,0.04728,0.04640,0.00952
8.4025,0.04767,0.04640,0.00989
8.4105,0.04804,0.04728,0.01026
8.4185,0.04837,0.04728,0.01064
8.4265,0.04867,0.04804,0.01103
8.4345,0.04895,0.04804,0.01141
8.4425,0.04919,0.04867,0.01180
8.4505,0.04940,0.04867,0.01219
8.4586,0.04958,0.04919,0.01258
8.4666,0.04972,0.04919,0.01298
8.4746,0.04984,0.04958,0.01337
8.4826,0.04992,0.04958,0.01377
8.4906,0.04998,0.04984,0.01417
8.4986,0.05000,0.04984,0.01457
8.5066,0.04999,0.04998,0.01497
8.5146,0.04995,0.04998,0.01537
8.5226,0.04987,0.04999,0.01577
8.5306,0.04977,0.04999,0.01617
8.5386,0.04963,0.04987,0.01657
8.5466,0.04947,0.04987,0.01657
8.5546,0.04927,0.04987,0.01696
8.5626,0.04904,0.04963,0.01736
8.5706,0.04878,0.04963,0.01776
8.5786,0.04848,0.04927,0.01815
8.5866,0.04816,0.04927,0.01855
8.5946,0.04781,0.04848,0.01894
8.6026,0.04742,0.04848,0.01932
8.6106,0.04701,0.04781,0.01971
8.6186,0.04657,0.04781,0.02009
8.6266,0.04610,0.04701,0.02046
8.6346,0.04559,0.04701,0.02084
8.6426,0.04506,0.04610,0.02121
8.6506,0.04451,0.04610,0.02158
8.6586,0.04392,0.04506,0.02194
8.6666,0.04330,0.04506,0.02230
8.6746,0.04266,0.04392,0.02265
8.6826,0.04199,0.04392,0.02300
8.6906,0.04130,0.04266,0.02335
8.6986,0.04058,0.04266,0.02369
8.7066,0.03983,0.04130,0.02402
8.7147,0.03906,0.04130,0.02435
8.7227,0.03826,0.03983,0.02467
8.7307,0.03744,0.03983,0.02499
8.7387,0.03659,0.03826,0.02529
8.7467,0.03572,0.03826,0.02560
8.7547,0.03483,0.03659,0.02589
8.7627,0.03392,0.03659,0.02619
8.7707,0.03299,0.03483,0.02647
8.7787,0.03203,0.03483,0.02675
8.7867,0.03105,0.03299,0.02701
8.7947,0.03006,0.03299,0.02728
8.8027,0.02905,0.03105,0.02753
8.8107,0.02801,0.03105,0.02753
8.8187,0.02696,0.03105,0.02777
8.8267,0.02590,0.02905,0.02801
8.8347,0.02481,0.02905,0.02824
8.8427,0.02371,0.02590,0.02845
8.8507,0.02260,0.02590,0.02866
8.8587,0.02147,0.02371,0.02885
8.8667,0.02033,0.02371,0.02904
8.8747,0.01917,0.02147,0.02922
8.8827,0.01801,0.02147,0.02939
8.8907,0.01683,0.01917,0.02954
8.8987,0.01564,0.01917,0.02970
8.9067,0.01444,0.01683,0.02983
8.9147,0.01323,0.01683,0.02997
8.9227,0.01202,0.01444,0.03009
8.9307,0.01079,0.01444,0.03020
8.9387,0.00956,0.01202,0.03030
8.9468,0.00833,0.01202,0.03040
8.9548,0.00708,0.00956,0.03048
8.9628,0.00584,0.00956,0.03055
8.9708,0.00459,0.00708,0.03061
8.9788,0.00333,0.00708,0.03067
8.9868,0.00208,0.00459,0.03071
8.9948,0.00082,0.00459,0.03075
9.0028,-0.00044,0.00208,0.03077
9.0108,-0.00169,0.00208,0.03078
9.0188,-0.00295,-0.00044,0.03078
9.0268,-0.00420,-0.00044,0.03078
9.0348,-0.00546,-0.00044,0.03078
9.0428,-0.00670,-0.00295,0.03076
9.0508,-0.00795,-0.00295,0.03074
9.0588,-0.00919,-0.00546,0.03070
9.0668,-0.01042,-0.00546,0.03065
9.0748,-0.01165,-0.00919,0.03059
9.0828,-0.01287,-0.00919,0.03051
9.0908,-0.01408,-0.01165,0.03042
9.0988,-0.01528,-0.01165,0.03033
9.1068,-0.01647,-0.01408,0.03022
9.1149,-0.01765,-0.01408,0.03011
9.1229,-0.01882,-0.01647,0.02998
9.1309,-0.01998,-0.01647,0.02985
9.1389,-0.02113,-0.01882,0.02970
9.1469,-0.02226,-0.01882,0.02955
9.1549,-0.02338,-0.02113,0.02938
9.1629,-0.02448,-0.02113,0.02921
9.1709,-0.02557,-0.02338,0.02903
9.1789,-0.02664,-0.02338,0.02884
9.1869,-0.02770,-0.02557,0.02864
9.1949,-0.02874,-0.02557,0.02843
9.2029,-0.02976,-0.02770,0.02821
9.2109,-0.03076,-0.02770,0.02799
9.2189,-0.03174,-0.02976,0.02776
9.2269,-0.03270,-0.02976,0.02752
9.2350,-0.03365,-0.03174,0.02727
9.2430,-0.03457,-0.03174,0.02701
9.2510,-0.03547,-0.03365,0.02675
9.2590,-0.03634,-0.03365,0.02648
9.2670,-0.03719,-0.03547,0.02619
9.2750,-0.03802,-0.03547,0.02591
9.2830,-0.03882,-0.03719,0.02561
9.2910,-0.03960,-0.03719,0.02561
9.2990,-0.04036,-0.03719,0.02532
9.3070,-0.04109,-0.03882,0.02501
9.3150,-0.04179,-0.03882,0.02470
9.3230,-0.04247,-0.04109,0.02437
9.3310,-0.04312,-0.04109,0.02404
9.3390,-0.04374,-0.04247,0.02370
9.3470,-0.04434,-0.04247,0.02336
9.3550,-0.04490,-0.04374,0.02301
9.3630,-0.04544,-0.04374,0.02266
9.3710,-0.04595,-0.04490,0.02231
9.3791,-0.04643,-0.04490,0.02195
9.3871,-0.04689,-0.04595,0.02158
9.3951,-0.04731,-0.04595,0.02121
9.4031,-0.04770,-0.04689,0.02084
9.4111,-0.04806,-0.04689,0.02046
9.4191,-0.04839,-0.04770,0.02008
9.4271,-0.04869,-0.04770,0.01970
9.4351,-0.04896,-0.04839,0.01931
9.4431,-0.04920,-0.04839,0.01893
9.4511,-0.04941,-0.04896,0.01853
9.4591,-0.04959,-0.04896,0.01814
9.4671,-0.04973,-0.04941,0.01775
9.4751,-0.04985,-0.04941,0.01735
9.4831,-0.04993,-0.04973,0.01695
9.4911,-0.04998,-0.04973,0.01656
9.4991,-0.05000,-0.04993,0.01616
9.5071,-0.04999,-0.04993,0.01576
9.5151,-0.04994,-0.05000,0.01536
9.5231,-0.04987,-0.05000,0.01496
9.5311,-0.04976,-0.04994,0.01456
9.5391,-0.04962,-0.04994,0.01416
9.5471,-0.04945,-0.04976,0.01376
9.5551,-0.04925,-0.04976,0.01376
9.5632,-0.04902,-0.04976,0.01336
9.5712,-0.04876,-0.04945,0.01297
9.5792,-0.04846,-0.04945,0.01257
9.5872,-0.04814,-0.04876,0.01218
9.5952,-0.04778,-0.04876,0.01179
9.6032,-0.04740,-0.04814,0.01141
9.6112,-0.04698,-0.04814,0.01102
9.6192,-0.04654,-0.04740,0.01064
9.6272,-0.04606,-0.04740,0.01026
9.6352,-0.04556,-0.04654,0.00989
9.6432,-0.04503,-0.04654,0.00952
9.6512,-0.04446,-0.04556,0.00915
9.6592,-0.04388,-0.04556,0.00879
9.6672,-0.04326,-0.04446,0.00843
9.6752,-0.04261,-0.04446,0.00807
9.6832,-0.04194,-0.04326,0.00773
9.6912,-0.04125,-0.04326,0.00738
9.6992,-0.04052,-0.04194,0.00705
9.7072,-0.03977,-0.04194,0.00671
9.7152,-0.03900,-0.04052,0.00638
9.7232,-0.03820,-0.04052,0.00606
9.7312,-0.03738,-0.03900,0.00575
9.7392,-0.03653,-0.03900,0.00544
9.7473,-0.03566,-0.03738,0.00514
9.7553,-0.03477,-0.03738,0.00484
9.7633,-0.03385,-0.03566,0.00455
9.7713,-0.03292,-0.03566,0.00426
9.7793,-0.03196,-0.03385,0.00399
9.7873,-0.03098,-0.03385,0.00372
9.7953,-0.02999,-0.03196,0.00346
9.8033,-0.02897,-0.03196,0.00321
9.8113,-0.02794,-0.02999,0.00297
9.8194,-0.02687,-0.02999,0.00297
9.8274,-0.02580,-0.02999,0.00273
9.8354,-0.02472,-0.02794,0.00250
9.8434,-0.02362,-0.02794,0.00228
9.8514,-0.02250,-0.02472,0.00207
9.8594,-0.02137,-0.02472,0.00188
9.8674,-0.02023,-0.02250,0.00169
9.8754,-0.01908,-0.02250,0.00151
9.8834,-0.01791,-0.02023,0.00135
9.8914,-0.01673,-0.02023,0.00119
9.8994,-0.01554,-0.01791,0.00104
9.9074,-0.01434,-0.01791,0.00090
9.9154,-0.01313,-0.01554,0.00077
9.9234,-0.01191,-0.01554,0.00065
9.9314,-0.01069,-0.01313,0.00054
9.9394,-0.00946,-0.01313,0.00043
9.9474,-0.00822,-0.01069,0.00035
9.9554,-0.00698,-0.01069,0.00026
9.9635,-0.00573,-0.00822,0.00019
9.9715,-0.00448,-0.00822,0.00013
9.9795,-0.00322,-0.00573,0.00008
9.9875,-0.00197,-0.00573,0.00003
9.9955,-0.00071,-0.00322,0.00000
