t,ex,ey,th_x,th_y,thd_x,thd_y,yaw,vref_x,vref_y,vfb_x,vfb_y,vcmd_x,vcmd_y,tcp_x,tcp_y,dans_cible,th_brut_x,th_brut_y
0.0000,-0.46538,-0.02376,-0.02284,0.00699,0.00000,0.00000,-2.69585,-0.00000,-0.00000,-0.02286,0.00700,-0.00013,0.00013,0.04131,0.78477,0,-0.02284,0.00699
0.0020,-0.46538,-0.02376,-0.02284,0.00699,0.00049,-0.00023,-2.69585,-0.00014,-0.00001,-0.02286,0.00700,-0.00038,0.00038,0.04131,0.78477,0,-0.02284,0.00699
0.0040,-0.46538,-0.02376,-0.02284,0.00699,0.00109,-0.00056,-2.69585,-0.00028,-0.00001,-0.02286,0.00700,-0.00077,0.00077,0.04133,0.78473,0,-0.02284,0.00699
0.0060,-0.46538,-0.02376,-0.02283,0.00699,0.00181,-0.00101,-2.69585,-0.00042,-0.00002,-0.02286,0.00700,-0.00128,0.00128,0.04129,0.78473,0,-0.02284,0.00699
0.0080,-0.46538,-0.02376,-0.02283,0.00699,0.00263,-0.00156,-2.69585,-0.00055,-0.00003,-0.02285,0.00699,-0.00192,0.00192,0.04124,0.78473,0,-0.02284,0.00699
0.0100,-0.46538,-0.02376,-0.02282,0.00698,0.00356,-0.00223,-2.69585,-0.00069,-0.00004,-0.02285,0.00699,-0.00269,0.00269,0.04128,0.78476,0,-0.02284,0.00699
0.0120,-0.46538,-0.02376,-0.02282,0.00698,0.00459,-0.00300,-2.69585,-0.00083,-0.00004,-0.02284,0.00698,-0.00358,0.00358,0.04128,0.78477,0,-0.02284,0.00699
0.0140,-0.46538,-0.02376,-0.02281,0.00697,0.00574,-0.00388,-2.69585,-0.00097,-0.00005,-0.02283,0.00698,-0.00461,0.00461,0.04132,0.78477,0,-0.02284,0.00699
0.0160,-0.46538,-0.02376,-0.02279,0.00696,0.00700,-0.00487,-2.69585,-0.00111,-0.00006,-0.02282,0.00697,-0.00576,0.00576,0.04124,0.78476,0,-0.02284,0.00699
0.0180,-0.46538,-0.02376,-0.02278,0.00695,0.00837,-0.00598,-2.69585,-0.00125,-0.00006,-0.02280,0.00696,-0.00704,0.00689,0.04127,0.78482,0,-0.02284,0.00699
0.0200,-0.46538,-0.02376,-0.02276,0.00694,0.00984,-0.00706,-2.69585,-0.00138,-0.00007,-0.02278,0.00694,-0.00845,0.00790,0.04122,0.78478,0,-0.02284,0.00699
0.0221,-0.46538,-0.02376,-0.02274,0.00692,0.01143,-0.00804,-2.69585,-0.00152,-0.00008,-0.02276,0.00693,-0.00998,0.00878,0.04121,0.78483,0,-0.02284,0.00699
0.0241,-0.46538,-0.02376,-0.02271,0.00691,0.01312,-0.00890,-2.69585,-0.00166,-0.00008,-0.02274,0.00691,-0.01158,0.00953,0.04119,0.78482,0,-0.02284,0.00699
0.0261,-0.46538,-0.02376,-0.02269,0.00689,0.01487,-0.00966,-2.69585,-0.00180,-0.00009,-0.02271,0.00689,-0.01318,0.01015,0.04121,0.78485,0,-0.02284,0.00699
0.0281,-0.46538,-0.02376,-0.02265,0.00687,0.01662,-0.01031,-2.69585,-0.00194,-0.00010,-0.02268,0.00687,-0.01478,0.01064,0.04114,0.78491,0,-0.02284,0.00699
0.0301,-0.46538,-0.02376,-0.02262,0.00685,0.01836,-0.01084,-2.69585,-0.00208,-0.00011,-0.02265,0.00685,-0.01638,0.01101,0.04112,0.78490,0,-0.02284,0.00699
0.0321,-0.46538,-0.02376,-0.02258,0.00682,0.02011,-0.01127,-2.69585,-0.00221,-0.00011,-0.02261,0.00683,-0.01798,0.01125,0.04109,0.78494,0,-0.02284,0.00699
0.0341,-0.46538,-0.02376,-0.02254,0.00680,0.02185,-0.01159,-2.69585,-0.00235,-0.00012,-0.02257,0.00681,-0.01958,0.01136,0.04107,0.78501,0,-0.02284,0.00699
0.0361,-0.46538,-0.02376,-0.02249,0.00678,0.02360,-0.01180,-2.69585,-0.00249,-0.00013,-0.02253,0.00678,-0.02118,0.01134,0.04101,0.78503,0,-0.02284,0.00699
0.0381,-0.46538,-0.02376,-0.02244,0.00675,0.02534,-0.01189,-2.69585,-0.00263,-0.00013,-0.02248,0.00676,-0.02278,0.01120,0.04095,0.78501,0,-0.02284,0.00699
0.0401,-0.46538,-0.02376,-0.02239,0.00673,0.02708,-0.01188,-2.69585,-0.00277,-0.00014,-0.02243,0.00674,-0.02438,0.01092,0.04091,0.78501,0,-0.02284,0.00699
0.0421,-0.46538,-0.02376,-0.02234,0.00671,0.02883,-0.01176,-2.69585,-0.00291,-0.00015,-0.02237,0.00671,-0.02586,0.01052,0.04090,0.78507,0,-0.02284,0.00699
0.0441,-0.46538,-0.02376,-0.02228,0.00668,0.03046,-0.01153,-2.69585,-0.00304,-0.00016,-0.02232,0.00669,-0.02720,0.00999,0.04083,0.78503,0,-0.02284,0.00699
0.0461,-0.46538,-0.02376,-0.02221,0.00666,0.03198,-0.01119,-2.69585,-0.00318,-0.00016,-0.02226,0.00667,-0.02842,0.00933,0.04073,0.78505,0,-0.02284,0.00699
0.0481,-0.46538,-0.02376,-0.02215,0.00664,0.03339,-0.01074,-2.69585,-0.00332,-0.00017,-0.02219,0.00664,-0.02950,0.00855,0.04070,0.78507,0,-0.02284,0.00699
0.0501,-0.46538,-0.02376,-0.02208,0.00662,0.03469,-0.01018,-2.69585,-0.00346,-0.00018,-0.02213,0.00662,-0.03046,0.00763,0.04068,0.78514,0,-0.02284,0.00699
0.0521,-0.46538,-0.02376,-0.02201,0.00660,0.03588,-0.00951,-2.69585,-0.00360,-0.00018,-0.02206,0.00660,-0.03130,0.00659,0.04063,0.78514,0,-0.02284,0.00699
0.0541,-0.46538,-0.02376,-0.02194,0.00658,0.03696,-0.00873,-2.69585,-0.00374,-0.00019,-0.02199,0.00658,-0.03200,0.00568,0.04063,0.78514,0,-0.02284,0.00699
0.0561,-0.46538,-0.02376,-0.02186,0.00656,0.03792,-0.00805,-2.69585,-0.00387,-0.00020,-0.02191,0.00657,-0.03258,0.00489,0.04051,0.78518,0,-0.02284,0.00699
0.0581,-0.46538,-0.02376,-0.02179,0.00655,0.03878,-0.00749,-2.69585,-0.00401,-0.00020,-0.02184,0.00655,-0.03302,0.00423,0.04048,0.78519,0,-0.02284,0.00699
0.0601,-0.46538,-0.02376,-0.02171,0.00653,0.03953,-0.00704,-2.69585,-0.00415,-0.00021,-0.02176,0.00654,-0.03334,0.00370,0.04043,0.78524,0,-0.02284,0.00699
0.0621,-0.46538,-0.02376,-0.02163,0.00652,0.04016,-0.00670,-2.69585,-0.00429,-0.00022,-0.02169,0.00652,-0.03354,0.00330,0.04038,0.78520,0,-0.02284,0.00699
0.0641,-0.46538,-0.02376,-0.02155,0.00651,0.04069,-0.00646,-2.69585,-0.00443,-0.00023,-0.02161,0.00651,-0.03360,0.00303,0.04039,0.78521,0,-0.02284,0.00699
0.0661,-0.46538,-0.02376,-0.02146,0.00649,0.04110,-0.00634,-2.69585,-0.00456,-0.00023,-0.02153,0.00650,-0.03354,0.00288,0.04031,0.78521,0,-0.02284,0.00699
0.0681,-0.46538,-0.02376,-0.02138,0.00648,0.04141,-0.00632,-2.69585,-0.00470,-0.00024,-0.02145,0.00648,-0.03334,0.00286,0.04026,0.78522,0,-0.02284,0.00699
0.0701,-0.46538,-0.02376,-0.02130,0.00647,0.04160,-0.00641,-2.69585,-0.00484,-0.00025,-0.02137,0.00647,-0.03302,0.00297,0.04018,0.78520,0,-0.02284,0.00699
0.0721,-0.46538,-0.02376,-0.02122,0.00646,0.04168,-0.00662,-2.69585,-0.00498,-0.00025,-0.02129,0.00646,-0.03258,0.00321,0.04017,0.78524,0,-0.02284,0.00699
0.0741,-0.46538,-0.02376,-0.02113,0.00644,0.04165,-0.00693,-2.69585,-0.00512,-0.00026,-0.02121,0.00644,-0.03200,0.00358,0.04010,0.78523,0,-0.02284,0.00699
0.0761,-0.46538,-0.02376,-0.02105,0.00643,0.04151,-0.00735,-2.69585,-0.00526,-0.00027,-0.02113,0.00643,-0.03130,0.00407,0.04002,0.78523,0,-0.02284,0.00699
0.0781,-0.46538,-0.02376,-0.02097,0.00641,0.04126,-0.00788,-2.69585,-0.00539,-0.00028,-0.02105,0.00642,-0.03046,0.00469,0.03999,0.78522,0,-0.02284,0.00699
0.0801,-0.46538,-0.02376,-0.02088,0.00640,0.04090,-0.00852,-2.69585,-0.00553,-0.00028,-0.02097,0.00640,-0.02950,0.00544,0.03995,0.78527,0,-0.02284,0.00699
0.0821,-0.46538,-0.02376,-0.02080,0.00638,0.04043,-0.00927,-2.69585,-0.00567,-0.00029,-0.02089,0.00638,-0.02842,0.00609,0.03987,0.78525,0,-0.02284,0.00699
0.0842,-0.46538,-0.02376,-0.02072,0.00636,0.03985,-0.00992,-2.69585,-0.00581,-0.00030,-0.02082,0.00636,-0.02720,0.00661,0.03981,0.78526,0,-0.02284,0.00699
0.0862,-0.46538,-0.02376,-0.02064,0.00634,0.03915,-0.01047,-2.69585,-0.00595,-0.00030,-0.02074,0.00634,-0.02611,0.00700,0.03983,0.78529,0,-0.02284,0.00699
0.0882,-0.46538,-0.02376,-0.02057,0.00632,0.03857,-0.01091,-2.69585,-0.00609,-0.00031,-0.02067,0.00632,-0.02515,0.00726,0.03973,0.78526,0,-0.02284,0.00699
0.0902,-0.46538,-0.02376,-0.02049,0.00630,0.03809,-0.01124,-2.69585,-0.00623,-0.00032,-0.02059,0.00630,-0.02432,0.00740,0.03969,0.78529,0,-0.02284,0.00699
0.0922,-0.46538,-0.02376,-0.02041,0.00627,0.03772,-0.01146,-2.69585,-0.00636,-0.00032,-0.02052,0.00627,-0.02362,0.00740,0.03963,0.78531,0,-0.02284,0.00699
0.0942,-0.46538,-0.02376,-0.02034,0.00625,0.03746,-0.01157,-2.69585,-0.00650,-0.00033,-0.02045,0.00625,-0.02304,0.00728,0.03959,0.78530,0,-0.02284,0.00699
0.0962,-0.46538,-0.02376,-0.02026,0.00623,0.03731,-0.01158,-2.69585,-0.00664,-0.00034,-0.02038,0.00623,-0.02259,0.00703,0.03959,0.78535,0,-0.02284,0.00699
0.0982,-0.46538,-0.02376,-0.02019,0.00620,0.03726,-0.01147,-2.69585,-0.00678,-0.00035,-0.02031,0.00620,-0.02227,0.00666,0.03950,0.78534,0,-0.02284,0.00699
0.1002,-0.46538,-0.02376,-0.02011,0.00618,0.03733,-0.01125,-2.69585,-0.00692,-0.00035,-0.02024,0.00618,-0.02208,0.00615,0.03952,0.78536,0,-0.02284,0.00699
0.1022,-0.46538,-0.02376,-0.02004,0.00616,0.03750,-0.01092,-2.69585,-0.00705,-0.00036,-0.02017,0.00616,-0.02202,0.00577,0.03944,0.78539,0,-0.02284,0.00699
0.1042,-0.46538,-0.02376,-0.01996,0.00614,0.03778,-0.01070,-2.69585,-0.00719,-0.00037,-0.02010,0.00614,-0.02208,0.00553,0.03931,0.78542,0,-0.02284,0.00699
0.1062,-0.46538,-0.02376,-0.01989,0.00612,0.03816,-0.01059,-2.69585,-0.00733,-0.00037,-0.02002,0.00612,-0.02227,0.00540,0.03931,0.78542,0,-0.02284,0.00699
0.1082,-0.46538,-0.02376,-0.01981,0.00609,0.03866,-0.01059,-2.69585,-0.00747,-0.00038,-0.01995,0.00609,-0.02259,0.00541,0.03921,0.78538,0,-0.02284,0.00699
0.1102,-0.46538,-0.02376,-0.01973,0.00607,0.03926,-0.01069,-2.69585,-0.00761,-0.00039,-0.01988,0.00607,-0.02304,0.00555,0.03919,0.78542,0,-0.02284,0.00699
0.1122,-0.46538,-0.02376,-0.01965,0.00605,0.03998,-0.01091,-2.69585,-0.00775,-0.00040,-0.01980,0.00605,-0.02362,0.00565,0.03908,0.78542,0,-0.02284,0.00699
0.1142,-0.46538,-0.02376,-0.01957,0.00603,0.04080,-0.01111,-2.69585,-0.00788,-0.00040,-0.01973,0.00603,-0.02432,0.00564,0.03908,0.78542,0,-0.02284,0.00699
0.1162,-0.46538,-0.02376,-0.01949,0.00601,0.04173,-0.01119,-2.69585,-0.00802,-0.00041,-0.01965,0.00601,-0.02515,0.00560,0.03904,0.78546,0,-0.02284,0.00699
0.1182,-0.46538,-0.02376,-0.01941,0.00598,0.04276,-0.01126,-2.69585,-0.00816,-0.00042,-0.01957,0.00598,-0.02611,0.00557,0.03890,0.78549,0,-0.02284,0.00699
0.1202,-0.46538,-0.02376,-0.01932,0.00596,0.04391,-0.01133,-2.69585,-0.00830,-0.00042,-0.01949,0.00596,-0.02720,0.00554,0.03890,0.78549,0,-0.02284,0.00699
0.1222,-0.46538,-0.02376,-0.01923,0.00594,0.04516,-0.01140,-2.69585,-0.00844,-0.00043,-0.01940,0.00594,-0.02816,0.00551,0.03879,0.78547,0,-0.02284,0.00699
0.1242,-0.46323,-0.02406,-0.02490,0.00719,0.00067,-0.00213,-2.68066,-0.00858,-0.00044,-0.02444,0.00709,-0.02925,0.00560,0.03870,0.78555,0,-0.02468,0.00725
0.1262,-0.46323,-0.02406,-0.02489,0.00718,0.00201,-0.00234,-2.68066,-0.00872,-0.00044,-0.02444,0.00709,-0.03046,0.00583,0.03870,0.78555,0,-0.02468,0.00725
0.1282,-0.46323,-0.02406,-0.02489,0.00718,0.00347,-0.00265,-2.68066,-0.00885,-0.00045,-0.02444,0.00708,-0.03181,0.00618,0.03853,0.78557,0,-0.02468,0.00725
0.1303,-0.46323,-0.02406,-0.02488,0.00717,0.00504,-0.00307,-2.68066,-0.00899,-0.00046,-0.02443,0.00708,-0.03328,0.00662,0.03848,0.78559,0,-0.02468,0.00725
0.1323,-0.46323,-0.02406,-0.02487,0.00717,0.00671,-0.00357,-2.68066,-0.00913,-0.00047,-0.02443,0.00707,-0.03462,0.00693,0.03840,0.78558,0,-0.02468,0.00725
0.1343,-0.46323,-0.02406,-0.02485,0.00716,0.00828,-0.00395,-2.68066,-0.00927,-0.00047,-0.02442,0.00706,-0.03584,0.00711,0.03831,0.78559,0,-0.02468,0.00725
0.1363,-0.46323,-0.02406,-0.02483,0.00715,0.00973,-0.00422,-2.68066,-0.00941,-0.00048,-0.02441,0.00706,-0.03693,0.00716,0.03831,0.78559,0,-0.02468,0.00725
0.1383,-0.46323,-0.02406,-0.02481,0.00714,0.01108,-0.00438,-2.68066,-0.00955,-0.00049,-0.02439,0.00705,-0.03789,0.00708,0.03826,0.78562,0,-0.02468,0.00725
0.1403,-0.46323,-0.02406,-0.02479,0.00713,0.01232,-0.00444,-2.68066,-0.00968,-0.00049,-0.02437,0.00704,-0.03872,0.00688,0.03811,0.78564,0,-0.02468,0.00725
0.1423,-0.46323,-0.02406,-0.02476,0.00712,0.01344,-0.00438,-2.68066,-0.00982,-0.00050,-0.02435,0.00703,-0.03942,0.00654,0.03807,0.78564,0,-0.02468,0.00725
0.1443,-0.46323,-0.02406,-0.02474,0.00711,0.01446,-0.00422,-2.68066,-0.00996,-0.00051,-0.02433,0.00702,-0.04000,0.00634,0.03807,0.78564,0,-0.02468,0.00725
0.1463,-0.46323,-0.02406,-0.02471,0.00711,0.01536,-0.00416,-2.68066,-0.01010,-0.00052,-0.02431,0.00701,-0.04045,0.00626,0.03795,0.78568,0,-0.02468,0.00725
0.1483,-0.46323,-0.02406,-0.02468,0.00710,0.01616,-0.00422,-2.68066,-0.01024,-0.00052,-0.02428,0.00700,-0.04077,0.00631,0.03795,0.78568,0,-0.02468,0.00725
0.1503,-0.46323,-0.02406,-0.02464,0.00709,0.01685,-0.00438,-2.68066,-0.01038,-0.00053,-0.02426,0.00699,-0.04096,0.00646,0.03787,0.78575,0,-0.02468,0.00725
0.1523,-0.46323,-0.02406,-0.02461,0.00708,0.01742,-0.00463,-2.68066,-0.01051,-0.00054,-0.02423,0.00698,-0.04102,0.00649,0.03768,0.78572,0,-0.02468,0.00725
0.1543,-0.46323,-0.02406,-0.02457,0.00707,0.01789,-0.00476,-2.68066,-0.01065,-0.00054,-0.02420,0.00697,-0.04096,0.00643,0.03765,0.78574,0,-0.02468,0.00725
0.1563,-0.46323,-0.02406,-0.02454,0.00706,0.01825,-0.00483,-2.68066,-0.01079,-0.00055,-0.02417,0.00696,-0.04077,0.00641,0.03756,0.78575,0,-0.02468,0.00725
0.1583,-0.46323,-0.02406,-0.02450,0.00705,0.01849,-0.00494,-2.68066,-0.01093,-0.00056,-0.02414,0.00695,-0.04045,0.00640,0.03745,0.78576,0,-0.02468,0.00725
0.1603,-0.46323,-0.02406,-0.02446,0.00704,0.01863,-0.00504,-2.68066,-0.01107,-0.00057,-0.02411,0.00694,-0.04000,0.00638,0.03741,0.78578,0,-0.02468,0.00725
0.1623,-0.46323,-0.02406,-0.02443,0.00703,0.01866,-0.00514,-2.68066,-0.01121,-0.00057,-0.02408,0.00693,-0.03942,0.00636,0.03740,0.78580,0,-0.02468,0.00725
0.1643,-0.46323,-0.02406,-0.02439,0.00702,0.01857,-0.00525,-2.68066,-0.01135,-0.00058,-0.02405,0.00692,-0.03872,0.00634,0.03732,0.78575,0,-0.02468,0.00725
0.1663,-0.46323,-0.02406,-0.02435,0.00701,0.01838,-0.00535,-2.68066,-0.01148,-0.00059,-0.02402,0.00691,-0.03789,0.00632,0.03722,0.78579,0,-0.02468,0.00725
0.1683,-0.46323,-0.02406,-0.02431,0.00700,0.01808,-0.00545,-2.68066,-0.01162,-0.00059,-0.02399,0.00690,-0.03693,0.00631,0.03716,0.78580,0,-0.02468,0.00725
0.1704,-0.46323,-0.02406,-0.02428,0.00699,0.01766,-0.00555,-2.68066,-0.01176,-0.00060,-0.02396,0.00689,-0.03584,0.00629,0.03710,0.78581,0,-0.02468,0.00725
0.1724,-0.46323,-0.02406,-0.02424,0.00698,0.01714,-0.00565,-2.68066,-0.01190,-0.00061,-0.02393,0.00688,-0.03488,0.00627,0.03706,0.78584,0,-0.02468,0.00725
0.1744,-0.46323,-0.02406,-0.02421,0.00697,0.01672,-0.00575,-2.68066,-0.01204,-0.00061,-0.02390,0.00687,-0.03405,0.00625,0.03697,0.78583,0,-0.02468,0.00725
0.1764,-0.46323,-0.02406,-0.02418,0.00695,0.01642,-0.00585,-2.64875,-0.01218,-0.00062,-0.02388,0.00685,-0.03334,0.00623,0.03693,0.78586,0,-0.02408,0.00667
0.1784,-0.46390,-0.02339,-0.02337,0.00647,0.02224,-0.00888,-2.64875,-0.01232,-0.00063,-0.02327,0.00657,-0.03277,0.00608,0.03689,0.78584,0,-0.02408,0.00667
0.1804,-0.46390,-0.02339,-0.02332,0.00645,0.02213,-0.00887,-2.64875,-0.01245,-0.00064,-0.02324,0.00655,-0.03232,0.00591,0.03681,0.78588,0,-0.02408,0.00667
0.1824,-0.46390,-0.02339,-0.02328,0.00643,0.02214,-0.00883,-2.64875,-0.01259,-0.00064,-0.02320,0.00653,-0.03200,0.00587,0.03674,0.78586,0,-0.02408,0.00667
0.1844,-0.46390,-0.02339,-0.02323,0.00641,0.02226,-0.00890,-2.64875,-0.01273,-0.00065,-0.02316,0.00651,-0.03181,0.00586,0.03669,0.78588,0,-0.02408,0.00667
0.1864,-0.46390,-0.02339,-0.02319,0.00640,0.02248,-0.00900,-2.64875,-0.01287,-0.00066,-0.02313,0.00649,-0.03174,0.00584,0.03663,0.78587,0,-0.02408,0.00667
0.1884,-0.46390,-0.02339,-0.02314,0.00638,0.02282,-0.00908,-2.64875,-0.01301,-0.00066,-0.02309,0.00648,-0.03181,0.00581,0.03652,0.78592,0,-0.02408,0.00667
0.1904,-0.46390,-0.02339,-0.02310,0.00636,0.02326,-0.00917,-2.64875,-0.01315,-0.00067,-0.02305,0.00646,-0.03200,0.00579,0.03644,0.78594,0,-0.02408,0.00667
0.1924,-0.46390,-0.02339,-0.02305,0.00634,0.02381,-0.00925,-2.64875,-0.01329,-0.00068,-0.02301,0.00644,-0.03232,0.00576,0.03642,0.78595,0,-0.02408,0.00667
0.1944,-0.46390,-0.02339,-0.02300,0.00632,0.02447,-0.00934,-2.64875,-0.01342,-0.00069,-0.02297,0.00642,-0.03277,0.00573,0.03631,0.78594,0,-0.02408,0.00667
0.1964,-0.46390,-0.02339,-0.02295,0.00630,0.02523,-0.00942,-2.64875,-0.01356,-0.00069,-0.02293,0.00640,-0.03334,0.00571,0.03624,0.78597,0,-0.02408,0.00667
0.1985,-0.46390,-0.02339,-0.02290,0.00629,0.02611,-0.00950,-2.64875,-0.01370,-0.00070,-0.02289,0.00638,-0.03405,0.00568,0.03614,0.78596,0,-0.02408,0.00667
0.2005,-0.46390,-0.02339,-0.02285,0.00627,0.02709,-0.00959,-2.64875,-0.01384,-0.00071,-0.02284,0.00636,-0.03488,0.00565,0.03611,0.78595,0,-0.02408,0.00667
0.2025,-0.46390,-0.02339,-0.02279,0.00625,0.02819,-0.00967,-2.64875,-0.01398,-0.00071,-0.02279,0.00634,-0.03584,0.00563,0.03599,0.78598,0,-0.02408,0.00667
0.2045,-0.46390,-0.02339,-0.02273,0.00623,0.02939,-0.00975,-2.64875,-0.01412,-0.00072,-0.02275,0.00632,-0.03686,0.00560,0.03592,0.78599,0,-0.02408,0.00667
0.2065,-0.46390,-0.02339,-0.02267,0.00621,0.03064,-0.00983,-2.64875,-0.01426,-0.00073,-0.02269,0.00630,-0.03776,0.00557,0.03583,0.78604,0,-0.02408,0.00667
0.2085,-0.46390,-0.02339,-0.02261,0.00619,0.03179,-0.00991,-2.64875,-0.01439,-0.00073,-0.02264,0.00628,-0.03853,0.00555,0.03574,0.78602,0,-0.02408,0.00667
0.2105,-0.46390,-0.02339,-0.02255,0.00617,0.03282,-0.00999,-2.64875,-0.01453,-0.00074,-0.02258,0.00626,-0.03917,0.00552,0.03566,0.78603,0,-0.02408,0.00667
0.2125,-0.46390,-0.02339,-0.02248,0.00615,0.03375,-0.01007,-2.64875,-0.01467,-0.00075,-0.02253,0.00624,-0.03968,0.00549,0.03555,0.78607,0,-0.02408,0.00667
0.2145,-0.46390,-0.02339,-0.02241,0.00613,0.03456,-0.01015,-2.64875,-0.01481,-0.00076,-0.02247,0.00622,-0.04006,0.00546,0.03548,0.78607,0,-0.02408,0.00667
0.2165,-0.46390,-0.02339,-0.02234,0.00611,0.03526,-0.01023,-2.64875,-0.01495,-0.00076,-0.02241,0.00620,-0.04032,0.00544,0.03534,0.78609,0,-0.02408,0.00667
0.2185,-0.46390,-0.02339,-0.02227,0.00609,0.03585,-0.01031,-2.64875,-0.01509,-0.00077,-0.02234,0.00618,-0.04045,0.00541,0.03528,0.78610,0,-0.02408,0.00667
0.2205,-0.46390,-0.02339,-0.02220,0.00607,0.03633,-0.01038,-2.64875,-0.01522,-0.00078,-0.02228,0.00616,-0.04044,0.00538,0.03523,0.78611,0,-0.02408,0.00667
0.2225,-0.46390,-0.02339,-0.02213,0.00605,0.03670,-0.01046,-2.64875,-0.01536,-0.00078,-0.02222,0.00614,-0.04032,0.00535,0.03513,0.78613,0,-0.02408,0.00667
0.2245,-0.46390,-0.02339,-0.02205,0.00603,0.03696,-0.01054,-2.64875,-0.01550,-0.00079,-0.02215,0.00611,-0.04006,0.00532,0.03509,0.78609,0,-0.02408,0.00667
0.2266,-0.46390,-0.02339,-0.02198,0.00600,0.03711,-0.01061,-2.64875,-0.01564,-0.00080,-0.02209,0.00609,-0.03968,0.00529,0.03500,0.78614,0,-0.02408,0.00667
0.2286,-0.46390,-0.02339,-0.02190,0.00598,0.03715,-0.01069,-2.64875,-0.01578,-0.00081,-0.02202,0.00607,-0.03916,0.00526,0.03496,0.78619,0,-0.02408,0.00667
0.2306,-0.46390,-0.02339,-0.02183,0.00596,0.03708,-0.01076,-2.64875,-0.01592,-0.00081,-0.02196,0.00605,-0.03852,0.00524,0.03491,0.78620,0,-0.02408,0.00667
0.2326,-0.46620,-0.02366,-0.02105,0.00640,0.04122,-0.00853,-2.63205,-0.01606,-0.00082,-0.02187,0.00640,-0.03793,0.00533,0.03482,0.78617,0,-0.02216,0.00691
0.2346,-0.46620,-0.02366,-0.02096,0.00638,0.04106,-0.00872,-2.63205,-0.01620,-0.00083,-0.02180,0.00639,-0.03746,0.00556,0.03473,0.78624,0,-0.02216,0.00691
0.2366,-0.46620,-0.02366,-0.02088,0.00636,0.04101,-0.00902,-2.63205,-0.01633,-0.00083,-0.02173,0.00637,-0.03713,0.00566,0.03470,0.78621,0,-0.02216,0.00691
0.2386,-0.46620,-0.02366,-0.02080,0.00634,0.04107,-0.00921,-2.63205,-0.01647,-0.00084,-0.02165,0.00635,-0.03692,0.00563,0.03464,0.78621,0,-0.02216,0.00691
0.2406,-0.46620,-0.02366,-0.02072,0.00633,0.04124,-0.00929,-2.63205,-0.01661,-0.00085,-0.02158,0.00633,-0.03684,0.00548,0.03456,0.78621,0,-0.02216,0.00691
0.2426,-0.46620,-0.02366,-0.02063,0.00631,0.04152,-0.00927,-2.63205,-0.01675,-0.00086,-0.02151,0.00631,-0.03688,0.00546,0.03449,0.78623,0,-0.02216,0.00691
0.2446,-0.46620,-0.02366,-0.02055,0.00629,0.04190,-0.00936,-2.63205,-0.01689,-0.00086,-0.02144,0.00629,-0.03706,0.00543,0.03445,0.78622,0,-0.02216,0.00691
0.2466,-0.46620,-0.02366,-0.02047,0.00627,0.04239,-0.00944,-2.63205,-0.01702,-0.00087,-0.02136,0.00627,-0.03736,0.00540,0.03437,0.78624,0,-0.02216,0.00691
0.2486,-0.46620,-0.02366,-0.02038,0.00625,0.04299,-0.00952,-2.63205,-0.01716,-0.00088,-0.02129,0.00625,-0.03779,0.00538,0.03431,0.78625,0,-0.02216,0.00691
0.2506,-0.46620,-0.02366,-0.02029,0.00623,0.04370,-0.00960,-2.63205,-0.01730,-0.00088,-0.02121,0.00623,-0.03835,0.00535,0.03418,0.78632,0,-0.02216,0.00691
0.2526,-0.46620,-0.02366,-0.02021,0.00621,0.04452,-0.00968,-2.63205,-0.01744,-0.00089,-0.02113,0.00621,-0.03878,0.00532,0.03415,0.78630,0,-0.02216,0.00691
0.2546,-0.46620,-0.02366,-0.02012,0.00619,0.04522,-0.00976,-2.63205,-0.01758,-0.00090,-0.02105,0.00619,-0.03908,0.00530,0.03404,0.78630,0,-0.02216,0.00691
0.2566,-0.46620,-0.02366,-0.02003,0.00617,0.04582,-0.00984,-2.63205,-0.01772,-0.00090,-0.02097,0.00617,-0.03926,0.00527,0.03397,0.78629,0,-0.02216,0.00691
0.2586,-0.46620,-0.02366,-0.01993,0.00615,0.04630,-0.00992,-2.63205,-0.01785,-0.00091,-0.02089,0.00615,-0.03930,0.00524,0.03389,0.78631,0,-0.02216,0.00691
0.2606,-0.46620,-0.02366,-0.01984,0.00613,0.04667,-0.01000,-2.63205,-0.01799,-0.00092,-0.02081,0.00613,-0.03922,0.00521,0.03376,0.78634,0,-0.02216,0.00691
0.2626,-0.46620,-0.02366,-0.01975,0.00611,0.04693,-0.01008,-2.63205,-0.01813,-0.00093,-0.02073,0.00611,-0.03901,0.00519,0.03369,0.78635,0,-0.02216,0.00691
0.2646,-0.46620,-0.02366,-0.01965,0.00609,0.04708,-0.01016,-2.63205,-0.01827,-0.00093,-0.02064,0.00609,-0.03891,0.00516,0.03358,0.78634,0,-0.02216,0.00691
0.2666,-0.46620,-0.02366,-0.01956,0.00607,0.04732,-0.01024,-2.63205,-0.01841,-0.00094,-0.02056,0.00607,-0.03894,0.00513,0.03353,0.78638,0,-0.02216,0.00691
0.2686,-0.46620,-0.02366,-0.01946,0.00605,0.04767,-0.01032,-2.63205,-0.01854,-0.00095,-0.02047,0.00605,-0.03902,0.00510,0.03340,0.78639,0,-0.02216,0.00691
0.2706,-0.46620,-0.02366,-0.01937,0.00603,0.04807,-0.01039,-2.63205,-0.01868,-0.00095,-0.02039,0.00603,-0.03907,0.00507,0.03338,0.78640,0,-0.02216,0.00691
0.2726,-0.46620,-0.02366,-0.01927,0.00601,0.04844,-0.01047,-2.63205,-0.01882,-0.00096,-0.02031,0.00601,-0.03913,0.00505,0.03328,0.78636,0,-0.02216,0.00691
0.2746,-0.46620,-0.02366,-0.01917,0.00599,0.04880,-0.01055,-2.63205,-0.01896,-0.00097,-0.02022,0.00599,-0.03918,0.00502,0.03318,0.78635,0,-0.02216,0.00691
0.2766,-0.46620,-0.02366,-0.01908,0.00597,0.04917,-0.01062,-2.63205,-0.01910,-0.00097,-0.02013,0.00596,-0.03923,0.00499,0.03312,0.78638,0,-0.02216,0.00691
0.2786,-0.46620,-0.02366,-0.01898,0.00595,0.04953,-0.01070,-2.63205,-0.01924,-0.00098,-0.02005,0.00594,-0.03928,0.00496,0.03302,0.78639,0,-0.02216,0.00691
0.2806,-0.46620,-0.02366,-0.01888,0.00593,0.04989,-0.01077,-2.63205,-0.01937,-0.00099,-0.01996,0.00592,-0.03933,0.00493,0.03294,0.78639,0,-0.02216,0.00691
0.2826,-0.46620,-0.02366,-0.01878,0.00590,0.05024,-0.01084,-2.63205,-0.01951,-0.00100,-0.01987,0.00590,-0.03938,0.00490,0.03286,0.78641,0,-0.02216,0.00691
0.2846,-0.46620,-0.02366,-0.01868,0.00588,0.05060,-0.01092,-2.63205,-0.01965,-0.00100,-0.01978,0.00587,-0.03943,0.00487,0.03282,0.78642,0,-0.02216,0.00691
0.2867,-0.46620,-0.02366,-0.01858,0.00586,0.05095,-0.01099,-2.63205,-0.01979,-0.00101,-0.01969,0.00585,-0.03948,0.00484,0.03273,0.78641,0,-0.02216,0.00691
0.2887,-0.46620,-0.02366,-0.01847,0.00584,0.05131,-0.01106,-2.63205,-0.01993,-0.00102,-0.01960,0.00583,-0.03953,0.00481,0.03269,0.78646,0,-0.02216,0.00691
0.2907,-0.46620,-0.02366,-0.01837,0.00582,0.05165,-0.01114,-2.63205,-0.02007,-0.00102,-0.01951,0.00581,-0.03958,0.00478,0.03260,0.78646,0,-0.02216,0.00691
0.2927,-0.46620,-0.02366,-0.01827,0.00579,0.05200,-0.01121,-2.63205,-0.02021,-0.00103,-0.01942,0.00578,-0.03962,0.00475,0.03253,0.78646,0,-0.02216,0.00691
0.2947,-0.46620,-0.02366,-0.01816,0.00577,0.05234,-0.01128,-2.63205,-0.02035,-0.00104,-0.01932,0.00576,-0.03967,0.00472,0.03245,0.78645,0,-0.02216,0.00691
0.2967,-0.46620,-0.02366,-0.01806,0.00575,0.05269,-0.01135,-2.61564,-0.02048,-0.00105,-0.01923,0.00574,-0.03972,0.00469,0.03235,0.78644,0,-0.01937,0.00650
0.2987,-0.46936,-0.02321,-0.01747,0.00596,0.05518,-0.01046,-2.61564,-0.02062,-0.00105,-0.01961,0.00608,-0.03989,0.00479,0.03221,0.78647,0,-0.01937,0.00650
0.3007,-0.46936,-0.02321,-0.01736,0.00594,0.05562,-0.01064,-2.61564,-0.02076,-0.00106,-0.01951,0.00606,-0.04019,0.00500,0.03221,0.78647,0,-0.01937,0.00650
0.3027,-0.46936,-0.02321,-0.01725,0.00592,0.05616,-0.01092,-2.61564,-0.02090,-0.00107,-0.01941,0.00604,-0.04037,0.00508,0.03205,0.78647,0,-0.01937,0.00650
0.3047,-0.46936,-0.02321,-0.01714,0.00589,0.05660,-0.01109,-2.61564,-0.02104,-0.00107,-0.01931,0.00602,-0.04041,0.00504,0.03199,0.78648,0,-0.01937,0.00650
0.3067,-0.46936,-0.02321,-0.01702,0.00587,0.05692,-0.01115,-2.61564,-0.02118,-0.00108,-0.01921,0.00599,-0.04039,0.00491,0.03194,0.78647,0,-0.01937,0.00650
0.3088,-0.46936,-0.02321,-0.01691,0.00585,0.05718,-0.01114,-2.61564,-0.02132,-0.00109,-0.01911,0.00597,-0.04042,0.00488,0.03183,0.78650,0,-0.01937,0.00650
0.3108,-0.46936,-0.02321,-0.01680,0.00583,0.05750,-0.01121,-2.61564,-0.02145,-0.00110,-0.01901,0.00595,-0.04046,0.00485,0.03176,0.78651,0,-0.01937,0.00650
0.3128,-0.46936,-0.02321,-0.01668,0.00581,0.05781,-0.01129,-2.61564,-0.02159,-0.00110,-0.01890,0.00592,-0.04050,0.00482,0.03167,0.78650,0,-0.01937,0.00650
0.3148,-0.46936,-0.02321,-0.01656,0.00578,0.05811,-0.01136,-2.61564,-0.02173,-0.00111,-0.01880,0.00590,-0.04053,0.00479,0.03155,0.78653,0,-0.01937,0.00650
0.3168,-0.46936,-0.02321,-0.01645,0.00576,0.05842,-0.01143,-2.61564,-0.02187,-0.00112,-0.01870,0.00588,-0.04057,0.00476,0.03153,0.78655,0,-0.01937,0.00650
0.3188,-0.46936,-0.02321,-0.01633,0.00574,0.05872,-0.01150,-2.61564,-0.02201,-0.00112,-0.01859,0.00585,-0.04060,0.00473,0.03144,0.78656,0,-0.01937,0.00650
0.3208,-0.46936,-0.02321,-0.01621,0.00571,0.05902,-0.01157,-2.61564,-0.02215,-0.00113,-0.01849,0.00583,-0.04063,0.00470,0.03137,0.78657,0,-0.01937,0.00650
0.3228,-0.46936,-0.02321,-0.01609,0.00569,0.05932,-0.01164,-2.61564,-0.02228,-0.00114,-0.01838,0.00581,-0.04067,0.00467,0.03125,0.78656,0,-0.01937,0.00650
0.3248,-0.46936,-0.02321,-0.01598,0.00567,0.05962,-0.01170,-2.61564,-0.02242,-0.00114,-0.01828,0.00578,-0.04070,0.00464,0.03121,0.78657,0,-0.01937,0.00650
0.3268,-0.46936,-0.02321,-0.01586,0.00564,0.05991,-0.01177,-2.61564,-0.02256,-0.00115,-0.01817,0.00576,-0.04073,0.00461,0.03116,0.78660,0,-0.01937,0.00650
0.3288,-0.46936,-0.02321,-0.01574,0.00562,0.06020,-0.01184,-2.61564,-0.02270,-0.00116,-0.01806,0.00573,-0.04076,0.00457,0.03104,0.78661,0,-0.01937,0.00650
0.3308,-0.46936,-0.02321,-0.01562,0.00560,0.06049,-0.01191,-2.61564,-0.02284,-0.00117,-0.01796,0.00571,-0.04079,0.00454,0.03101,0.78659,0,-0.01937,0.00650
0.3328,-0.46936,-0.02321,-0.01549,0.00557,0.06077,-0.01197,-2.61564,-0.02298,-0.00117,-0.01785,0.00568,-0.04083,0.00451,0.03088,0.78660,0,-0.01937,0.00650
0.3348,-0.46936,-0.02321,-0.01537,0.00555,0.06106,-0.01204,-2.61564,-0.02311,-0.00118,-0.01774,0.00566,-0.04086,0.00448,0.03087,0.78662,0,-0.01937,0.00650
0.3368,-0.46936,-0.02321,-0.01525,0.00552,0.06134,-0.01210,-2.61564,-0.02325,-0.00119,-0.01763,0.00563,-0.04089,0.00445,0.03073,0.78665,0,-0.01937,0.00650
0.3388,-0.46936,-0.02321,-0.01513,0.00550,0.06162,-0.01217,-2.61564,-0.02339,-0.00119,-0.01752,0.00561,-0.04092,0.00442,0.03064,0.78663,0,-0.01937,0.00650
0.3408,-0.46936,-0.02321,-0.01500,0.00548,0.06189,-0.01223,-2.61564,-0.02353,-0.00120,-0.01741,0.00558,-0.04094,0.00438,0.03059,0.78666,0,-0.01937,0.00650
0.3428,-0.46936,-0.02321,-0.01488,0.00545,0.06217,-0.01230,-2.61564,-0.02367,-0.00121,-0.01730,0.00556,-0.04097,0.00435,0.03050,0.78670,0,-0.01937,0.00650
0.3448,-0.46936,-0.02321,-0.01475,0.00543,0.06244,-0.01236,-2.61564,-0.02381,-0.00122,-0.01719,0.00553,-0.04100,0.00432,0.03038,0.78669,0,-0.01937,0.00650
0.3468,-0.46936,-0.02321,-0.01463,0.00540,0.06271,-0.01242,-2.61564,-0.02394,-0.00122,-0.01708,0.00551,-0.04103,0.00429,0.03033,0.78670,0,-0.01937,0.00650
0.3488,-0.46936,-0.02321,-0.01450,0.00538,0.06297,-0.01249,-2.61564,-0.02408,-0.00123,-0.01697,0.00548,-0.04105,0.00425,0.03020,0.78668,0,-0.01937,0.00650
0.3508,-0.46936,-0.02321,-0.01438,0.00535,0.06324,-0.01255,-2.61564,-0.02422,-0.00124,-0.01686,0.00546,-0.04108,0.00422,0.03014,0.78670,0,-0.01937,0.00650
0.3528,-0.46936,-0.02321,-0.01425,0.00533,0.06350,-0.01261,-2.61564,-0.02436,-0.00124,-0.01675,0.00543,-0.04111,0.00419,0.03004,0.78670,0,-0.01937,0.00650
0.3548,-0.46936,-0.02321,-0.01412,0.00530,0.06376,-0.01267,-2.61564,-0.02450,-0.00125,-0.01664,0.00540,-0.04113,0.00415,0.02995,0.78675,0,-0.01937,0.00650
0.3569,-0.46936,-0.02321,-0.01400,0.00528,0.06401,-0.01273,-2.61564,-0.02464,-0.00126,-0.01652,0.00538,-0.04116,0.00412,0.02990,0.78670,0,-0.01937,0.00650
0.3589,-0.46936,-0.02321,-0.01387,0.00525,0.06427,-0.01279,-2.61564,-0.02477,-0.00126,-0.01641,0.00535,-0.04118,0.00409,0.02984,0.78673,0,-0.01937,0.00650
0.3609,-0.46936,-0.02321,-0.01374,0.00522,0.06452,-0.01285,-2.61564,-0.02491,-0.00127,-0.01629,0.00533,-0.04121,0.00405,0.02971,0.78675,0,-0.01937,0.00650
0.3629,-0.46936,-0.02321,-0.01361,0.00520,0.06477,-0.01291,-2.61564,-0.02505,-0.00128,-0.01618,0.00530,-0.04123,0.00402,0.02968,0.78676,0,-0.01937,0.00650
0.3649,-0.47214,-0.02249,-0.01417,0.00532,0.06252,-0.01245,-2.59702,-0.02519,-0.00129,-0.01759,0.00563,-0.04138,0.00411,0.02958,0.78675,0,-0.01694,0.00587
0.3669,-0.47214,-0.02249,-0.01404,0.00529,0.06288,-0.01262,-2.59702,-0.02533,-0.00129,-0.01748,0.00561,-0.04166,0.00431,0.02951,0.78677,0,-0.01694,0.00587
0.3689,-0.47214,-0.02249,-0.01392,0.00526,0.06335,-0.01288,-2.59702,-0.02547,-0.00130,-0.01737,0.00558,-0.04207,0.00438,0.02941,0.78677,0,-0.01694,0.00587
0.3709,-0.47214,-0.02249,-0.01379,0.00524,0.06393,-0.01302,-2.59702,-0.02561,-0.00131,-0.01726,0.00555,-0.04261,0.00432,0.02935,0.78680,0,-0.01694,0.00587
0.3729,-0.47214,-0.02249,-0.01366,0.00521,0.06462,-0.01306,-2.59702,-0.02575,-0.00131,-0.01714,0.00553,-0.04301,0.00421,0.02925,0.78679,0,-0.01694,0.00587
0.3749,-0.47214,-0.02249,-0.01353,0.00519,0.06519,-0.01305,-2.59702,-0.02588,-0.00132,-0.01703,0.00550,-0.04329,0.00418,0.02916,0.78680,0,-0.01694,0.00587
0.3769,-0.47214,-0.02249,-0.01340,0.00516,0.06566,-0.01311,-2.59702,-0.02602,-0.00133,-0.01691,0.00547,-0.04344,0.00414,0.02911,0.78683,0,-0.01694,0.00587
0.3789,-0.47214,-0.02249,-0.01327,0.00513,0.06601,-0.01316,-2.59702,-0.02616,-0.00134,-0.01680,0.00544,-0.04347,0.00411,0.02905,0.78679,0,-0.01694,0.00587
0.3809,-0.47214,-0.02249,-0.01314,0.00511,0.06625,-0.01322,-2.59702,-0.02630,-0.00134,-0.01668,0.00542,-0.04336,0.00407,0.02892,0.78683,0,-0.01694,0.00587
0.3830,-0.47214,-0.02249,-0.01300,0.00508,0.06637,-0.01328,-2.59702,-0.02644,-0.00135,-0.01656,0.00539,-0.04313,0.00404,0.02885,0.78681,0,-0.01694,0.00587
0.3850,-0.47214,-0.02249,-0.01287,0.00505,0.06639,-0.01333,-2.59702,-0.02658,-0.00136,-0.01645,0.00536,-0.04302,0.00401,0.02869,0.78684,0,-0.01694,0.00587
0.3870,-0.47214,-0.02249,-0.01274,0.00503,0.06651,-0.01339,-2.59702,-0.02672,-0.00136,-0.01633,0.00534,-0.04304,0.00397,0.02859,0.78684,0,-0.01694,0.00587
0.3890,-0.47214,-0.02249,-0.01260,0.00500,0.06674,-0.01344,-2.59702,-0.02685,-0.00137,-0.01621,0.00531,-0.04307,0.00394,0.02855,0.78685,0,-0.01694,0.00587
0.3910,-0.47214,-0.02249,-0.01247,0.00497,0.06697,-0.01349,-2.59702,-0.02699,-0.00138,-0.01609,0.00528,-0.04309,0.00390,0.02847,0.78683,0,-0.01694,0.00587
0.3930,-0.47214,-0.02249,-0.01234,0.00495,0.06719,-0.01355,-2.59702,-0.02713,-0.00139,-0.01598,0.00525,-0.04311,0.00387,0.02836,0.78684,0,-0.01694,0.00587
0.3950,-0.47214,-0.02249,-0.01220,0.00492,0.06742,-0.01360,-2.59702,-0.02727,-0.00139,-0.01586,0.00522,-0.04313,0.00383,0.02830,0.78684,0,-0.01694,0.00587
0.3970,-0.47214,-0.02249,-0.01207,0.00489,0.06763,-0.01365,-2.59702,-0.02741,-0.00140,-0.01574,0.00520,-0.04315,0.00380,0.02820,0.78686,0,-0.01694,0.00587
0.3990,-0.47214,-0.02249,-0.01193,0.00487,0.06785,-0.01370,-2.59702,-0.02755,-0.00141,-0.01562,0.00517,-0.04317,0.00376,0.02810,0.78689,0,-0.01694,0.00587
0.4010,-0.47214,-0.02249,-0.01180,0.00484,0.06806,-0.01375,-2.59702,-0.02769,-0.00141,-0.01550,0.00514,-0.04319,0.00373,0.02806,0.78688,0,-0.01694,0.00587
0.4030,-0.47214,-0.02249,-0.01166,0.00481,0.06828,-0.01380,-2.59702,-0.02783,-0.00142,-0.01538,0.00511,-0.04321,0.00369,0.02798,0.78687,0,-0.01694,0.00587
0.4050,-0.47214,-0.02249,-0.01152,0.00478,0.06848,-0.01385,-2.59702,-0.02796,-0.00143,-0.01526,0.00508,-0.04322,0.00365,0.02785,0.78690,0,-0.01694,0.00587
0.4071,-0.47214,-0.02249,-0.01139,0.00476,0.06869,-0.01390,-2.59702,-0.02810,-0.00143,-0.01514,0.00505,-0.04324,0.00362,0.02777,0.78691,0,-0.01694,0.00587
0.4091,-0.47214,-0.02249,-0.01125,0.00473,0.06889,-0.01395,-2.59702,-0.02824,-0.00144,-0.01502,0.00502,-0.04326,0.00358,0.02770,0.78693,0,-0.01694,0.00587
0.4111,-0.47214,-0.02249,-0.01111,0.00470,0.06909,-0.01400,-2.59702,-0.02838,-0.00145,-0.01490,0.00500,-0.04328,0.00355,0.02766,0.78687,0,-0.01694,0.00587
0.4131,-0.47214,-0.02249,-0.01097,0.00467,0.06929,-0.01405,-2.59702,-0.02852,-0.00146,-0.01478,0.00497,-0.04330,0.00351,0.02755,0.78693,0,-0.01694,0.00587
0.4151,-0.47214,-0.02249,-0.01083,0.00464,0.06949,-0.01409,-2.59702,-0.02866,-0.00146,-0.01466,0.00494,-0.04331,0.00347,0.02751,0.78688,0,-0.01694,0.00587
0.4171,-0.47214,-0.02249,-0.01069,0.00462,0.06968,-0.01414,-2.59702,-0.02880,-0.00147,-0.01453,0.00491,-0.04333,0.00344,0.02740,0.78694,0,-0.01694,0.00587
0.4191,-0.47214,-0.02249,-0.01055,0.00459,0.06987,-0.01419,-2.59702,-0.02894,-0.00148,-0.01441,0.00488,-0.04335,0.00340,0.02728,0.78692,0,-0.01694,0.00587
0.4211,-0.47214,-0.02249,-0.01041,0.00456,0.07006,-0.01423,-2.59702,-0.02907,-0.00148,-0.01429,0.00485,-0.04336,0.00337,0.02718,0.78695,0,-0.01694,0.00587
0.4231,-0.47214,-0.02249,-0.01027,0.00453,0.07025,-0.01428,-2.59702,-0.02921,-0.00149,-0.01417,0.00482,-0.04338,0.00333,0.02712,0.78693,0,-0.01694,0.00587
0.4252,-0.47214,-0.02249,-0.01013,0.00450,0.07043,-0.01432,-2.59702,-0.02935,-0.00150,-0.01404,0.00479,-0.04339,0.00329,0.02707,0.78692,0,-0.01694,0.00587
0.4272,-0.47214,-0.02249,-0.00999,0.00447,0.07061,-0.01436,-2.59702,-0.02949,-0.00151,-0.01392,0.00476,-0.04341,0.00326,0.02692,0.78695,0,-0.01694,0.00587
0.4292,-0.47214,-0.02249,-0.00985,0.00444,0.07079,-0.01441,-2.59702,-0.02963,-0.00151,-0.01380,0.00473,-0.04342,0.00322,0.02687,0.78698,0,-0.01694,0.00587
0.4312,-0.47214,-0.02249,-0.00971,0.00441,0.07096,-0.01445,-2.59702,-0.02977,-0.00152,-0.01367,0.00470,-0.04344,0.00318,0.02676,0.78695,0,-0.01694,0.00587
0.4332,-0.47214,-0.02249,-0.00957,0.00439,0.07113,-0.01449,-2.59702,-0.02991,-0.00153,-0.01355,0.00467,-0.04345,0.00315,0.02665,0.78697,0,-0.01694,0.00587
0.4352,-0.47530,-0.02135,-0.01053,0.00433,0.06764,-0.01462,-2.57976,-0.03004,-0.00153,-0.01548,0.00496,-0.04360,0.00324,0.02654,0.78697,0,-0.01425,0.00490
0.4372,-0.47530,-0.02135,-0.01040,0.00430,0.06793,-0.01477,-2.57976,-0.03018,-0.00154,-0.01536,0.00493,-0.04387,0.00338,0.02649,0.78697,0,-0.01425,0.00490
0.4392,-0.47530,-0.02135,-0.01026,0.00427,0.06833,-0.01497,-2.57976,-0.03032,-0.00155,-0.01525,0.00490,-0.04426,0.00341,0.02639,0.78700,0,-0.01425,0.00490
0.4412,-0.47530,-0.02135,-0.01012,0.00424,0.06884,-0.01506,-2.57976,-0.03046,-0.00155,-0.01513,0.00486,-0.04479,0.00331,0.02629,0.78701,0,-0.01425,0.00490
0.4432,-0.47530,-0.02135,-0.00998,0.00421,0.06946,-0.01504,-2.57976,-0.03060,-0.00156,-0.01501,0.00483,-0.04544,0.00327,0.02621,0.78701,0,-0.01425,0.00490
0.4452,-0.47530,-0.02135,-0.00984,0.00418,0.07018,-0.01508,-2.57976,-0.03074,-0.00157,-0.01488,0.00480,-0.04597,0.00323,0.02609,0.78700,0,-0.01425,0.00490
0.4472,-0.47530,-0.02135,-0.00970,0.00415,0.07080,-0.01512,-2.57976,-0.03087,-0.00158,-0.01476,0.00477,-0.04637,0.00319,0.02601,0.78704,0,-0.01425,0.00490
0.4492,-0.47530,-0.02135,-0.00956,0.00412,0.07130,-0.01515,-2.57976,-0.03101,-0.00158,-0.01464,0.00474,-0.04664,0.00316,0.02592,0.78707,0,-0.01425,0.00490
0.4512,-0.47530,-0.02135,-0.00942,0.00409,0.07168,-0.01519,-2.57976,-0.03115,-0.00159,-0.01451,0.00471,-0.04678,0.00312,0.02585,0.78707,0,-0.01425,0.00490
0.4532,-0.47530,-0.02135,-0.00927,0.00406,0.07196,-0.01523,-2.57976,-0.03129,-0.00160,-0.01439,0.00468,-0.04679,0.00308,0.02573,0.78704,0,-0.01425,0.00490
0.4552,-0.47530,-0.02135,-0.00913,0.00403,0.07212,-0.01526,-2.57976,-0.03143,-0.00160,-0.01426,0.00465,-0.04668,0.00304,0.02564,0.78710,0,-0.01425,0.00490
0.4572,-0.47530,-0.02135,-0.00899,0.00400,0.07218,-0.01529,-2.57976,-0.03156,-0.00161,-0.01414,0.00461,-0.04644,0.00300,0.02554,0.78709,0,-0.01425,0.00490
0.4592,-0.47530,-0.02135,-0.00884,0.00397,0.07212,-0.01533,-2.57976,-0.03170,-0.00162,-0.01401,0.00458,-0.04607,0.00296,0.02547,0.78706,0,-0.01425,0.00490
0.4612,-0.47530,-0.02135,-0.00870,0.00394,0.07195,-0.01536,-2.57976,-0.03184,-0.00163,-0.01389,0.00455,-0.04573,0.00292,0.02536,0.78708,0,-0.01425,0.00490
0.4632,-0.47530,-0.02135,-0.00855,0.00391,0.07180,-0.01539,-2.57976,-0.03198,-0.00163,-0.01376,0.00452,-0.04552,0.00289,0.02525,0.78710,0,-0.01425,0.00490
0.4652,-0.47530,-0.02135,-0.00841,0.00388,0.07176,-0.01542,-2.57976,-0.03212,-0.00164,-0.01364,0.00449,-0.04544,0.00285,0.02518,0.78708,0,-0.01425,0.00490
0.4672,-0.47530,-0.02135,-0.00827,0.00385,0.07183,-0.01546,-2.57976,-0.03226,-0.00165,-0.01351,0.00446,-0.04548,0.00281,0.02510,0.78710,0,-0.01425,0.00490
0.4692,-0.47530,-0.02135,-0.00812,0.00381,0.07200,-0.01549,-2.57976,-0.03239,-0.00165,-0.01339,0.00442,-0.04565,0.00277,0.02502,0.78713,0,-0.01425,0.00490
0.4712,-0.47530,-0.02135,-0.00798,0.00378,0.07228,-0.01552,-2.57976,-0.03253,-0.00166,-0.01326,0.00439,-0.04580,0.00273,0.02492,0.78714,0,-0.01425,0.00490
0.4732,-0.47530,-0.02135,-0.00783,0.00375,0.07254,-0.01555,-2.57976,-0.03267,-0.00167,-0.01314,0.00436,-0.04581,0.00269,0.02482,0.78716,0,-0.01425,0.00490
0.4752,-0.47530,-0.02135,-0.00769,0.00372,0.07268,-0.01557,-2.57976,-0.03281,-0.00167,-0.01301,0.00433,-0.04582,0.00265,0.02475,0.78717,0,-0.01425,0.00490
0.4772,-0.47530,-0.02135,-0.00754,0.00369,0.07281,-0.01560,-2.57976,-0.03295,-0.00168,-0.01289,0.00429,-0.04583,0.00261,0.02462,0.78716,0,-0.01425,0.00490
0.4792,-0.47530,-0.02135,-0.00740,0.00366,0.07294,-0.01563,-2.57976,-0.03308,-0.00169,-0.01276,0.00426,-0.04585,0.00257,0.02455,0.78717,0,-0.01425,0.00490
0.4812,-0.47530,-0.02135,-0.00725,0.00363,0.07308,-0.01566,-2.57976,-0.03322,-0.00170,-0.01264,0.00423,-0.04586,0.00253,0.02446,0.78716,0,-0.01425,0.00490
0.4832,-0.47530,-0.02135,-0.00711,0.00360,0.07320,-0.01568,-2.57976,-0.03336,-0.00170,-0.01251,0.00420,-0.04587,0.00249,0.02431,0.78718,0,-0.01425,0.00490
0.4852,-0.47530,-0.02135,-0.00696,0.00357,0.07333,-0.01571,-2.57976,-0.03350,-0.00171,-0.01238,0.00417,-0.04588,0.00245,0.02425,0.78720,0,-0.01425,0.00490
0.4873,-0.47530,-0.02135,-0.00681,0.00353,0.07345,-0.01573,-2.57976,-0.03364,-0.00172,-0.01226,0.00413,-0.04590,0.00242,0.02416,0.78716,0,-0.01425,0.00490
0.4893,-0.47530,-0.02135,-0.00667,0.00350,0.07358,-0.01576,-2.57976,-0.03378,-0.00172,-0.01213,0.00410,-0.04591,0.00238,0.02408,0.78718,0,-0.01425,0.00490
0.4913,-0.47530,-0.02135,-0.00652,0.00347,0.07370,-0.01578,-2.57976,-0.03392,-0.00173,-0.01200,0.00407,-0.04592,0.00234,0.02401,0.78721,0,-0.01425,0.00490
0.4933,-0.47530,-0.02135,-0.00637,0.00344,0.07381,-0.01581,-2.57976,-0.03406,-0.00174,-0.01187,0.00403,-0.04593,0.00230,0.02390,0.78719,0,-0.01425,0.00490
0.4953,-0.47530,-0.02135,-0.00622,0.00341,0.07393,-0.01583,-2.57976,-0.03420,-0.00175,-0.01175,0.00400,-0.04594,0.00226,0.02384,0.78720,0,-0.01425,0.00490
0.4973,-0.47925,-0.01991,-0.00710,0.00320,0.07052,-0.01644,-2.56575,-0.03433,-0.00175,-0.01383,0.00423,-0.04608,0.00234,0.02375,0.78720,0,-0.01089,0.00367
0.4993,-0.47925,-0.01991,-0.00696,0.00317,0.07076,-0.01657,-2.56575,-0.03447,-0.00176,-0.01371,0.00419,-0.04635,0.00243,0.02360,0.78719,0,-0.01089,0.00367
0.5013,-0.47925,-0.01991,-0.00682,0.00313,0.07110,-0.01670,-2.56575,-0.03461,-0.00177,-0.01359,0.00416,-0.04674,0.00240,0.02354,0.78719,0,-0.01089,0.00367
0.5033,-0.47925,-0.01991,-0.00668,0.00310,0.07155,-0.01671,-2.56575,-0.03475,-0.00177,-0.01347,0.00413,-0.04727,0.00235,0.02344,0.78723,0,-0.01089,0.00367
0.5053,-0.47925,-0.01991,-0.00653,0.00307,0.07210,-0.01673,-2.56575,-0.03489,-0.00178,-0.01335,0.00409,-0.04792,0.00231,0.02333,0.78724,0,-0.01089,0.00367
0.5074,-0.47925,-0.01991,-0.00639,0.00303,0.07277,-0.01674,-2.56575,-0.03503,-0.00179,-0.01322,0.00406,-0.04844,0.00227,0.02329,0.78719,0,-0.01089,0.00367
0.5094,-0.47925,-0.01991,-0.00624,0.00300,0.07332,-0.01676,-2.56575,-0.03517,-0.00180,-0.01310,0.00402,-0.04884,0.00223,0.02313,0.78724,0,-0.01089,0.00367
0.5114,-0.47925,-0.01991,-0.00609,0.00297,0.07376,-0.01677,-2.56575,-0.03530,-0.00180,-0.01297,0.00399,-0.04910,0.00218,0.02308,0.78723,0,-0.01089,0.00367
0.5134,-0.47925,-0.01991,-0.00595,0.00293,0.07408,-0.01678,-2.56575,-0.03544,-0.00181,-0.01285,0.00395,-0.04924,0.00214,0.02295,0.78721,0,-0.01089,0.00367
0.5154,-0.47925,-0.01991,-0.00580,0.00290,0.07430,-0.01680,-2.56575,-0.03558,-0.00182,-0.01272,0.00392,-0.04925,0.00210,0.02284,0.78722,0,-0.01089,0.00367
0.5174,-0.47925,-0.01991,-0.00565,0.00287,0.07440,-0.01681,-2.56575,-0.03572,-0.00182,-0.01259,0.00388,-0.04914,0.00206,0.02275,0.78723,0,-0.01089,0.00367
0.5194,-0.47925,-0.01991,-0.00550,0.00283,0.07439,-0.01682,-2.56575,-0.03586,-0.00183,-0.01246,0.00385,-0.04889,0.00202,0.02259,0.78725,0,-0.01089,0.00367
0.5214,-0.47925,-0.01991,-0.00535,0.00280,0.07427,-0.01683,-2.56575,-0.03600,-0.00184,-0.01234,0.00381,-0.04852,0.00198,0.02257,0.78725,0,-0.01089,0.00367
0.5234,-0.47925,-0.01991,-0.00520,0.00276,0.07404,-0.01684,-2.56575,-0.03614,-0.00184,-0.01221,0.00378,-0.04827,0.00193,0.02243,0.78728,0,-0.01089,0.00367
0.5254,-0.47925,-0.01991,-0.00506,0.00273,0.07392,-0.01685,-2.56575,-0.03627,-0.00185,-0.01208,0.00374,-0.04815,0.00189,0.02236,0.78725,0,-0.01089,0.00367
0.5274,-0.47925,-0.01991,-0.00491,0.00270,0.07390,-0.01686,-2.56575,-0.03641,-0.00186,-0.01196,0.00371,-0.04817,0.00185,0.02228,0.78727,0,-0.01089,0.00367
0.5294,-0.47925,-0.01991,-0.00476,0.00266,0.07399,-0.01687,-2.56575,-0.03655,-0.00187,-0.01183,0.00367,-0.04830,0.00181,0.02222,0.78728,0,-0.01089,0.00367
0.5314,-0.47925,-0.01991,-0.00461,0.00263,0.07418,-0.01688,-2.56575,-0.03669,-0.00187,-0.01170,0.00364,-0.04839,0.00177,0.02212,0.78728,0,-0.01089,0.00367
0.5334,-0.47925,-0.01991,-0.00446,0.00260,0.07433,-0.01689,-2.56575,-0.03683,-0.00188,-0.01158,0.00360,-0.04840,0.00172,0.02203,0.78727,0,-0.01089,0.00367
0.5354,-0.47925,-0.01991,-0.00432,0.00256,0.07441,-0.01689,-2.56575,-0.03696,-0.00189,-0.01145,0.00357,-0.04842,0.00168,0.02192,0.78728,0,-0.01089,0.00367
0.5374,-0.47925,-0.01991,-0.00417,0.00253,0.07449,-0.01690,-2.56575,-0.03710,-0.00189,-0.01132,0.00353,-0.04843,0.00164,0.02186,0.78727,0,-0.01089,0.00367
0.5394,-0.47925,-0.01991,-0.00402,0.00249,0.07457,-0.01691,-2.56575,-0.03724,-0.00190,-0.01120,0.00350,-0.04844,0.00160,0.02175,0.78731,0,-0.01089,0.00367
0.5414,-0.47925,-0.01991,-0.00387,0.00246,0.07464,-0.01691,-2.56575,-0.03738,-0.00191,-0.01107,0.00346,-0.04845,0.00156,0.02163,0.78728,0,-0.01089,0.00367
0.5434,-0.47925,-0.01991,-0.00372,0.00243,0.07471,-0.01692,-2.56575,-0.03752,-0.00192,-0.01094,0.00343,-0.04846,0.00151,0.02154,0.78729,0,-0.01089,0.00367
0.5454,-0.47925,-0.01991,-0.00357,0.00239,0.07478,-0.01692,-2.56575,-0.03766,-0.00192,-0.01082,0.00339,-0.04847,0.00147,0.02142,0.78729,0,-0.01089,0.00367
0.5474,-0.47925,-0.01991,-0.00342,0.00236,0.07485,-0.01692,-2.56575,-0.03779,-0.00193,-0.01069,0.00336,-0.04848,0.00143,0.02133,0.78728,0,-0.01089,0.00367
0.5494,-0.47925,-0.01991,-0.00327,0.00233,0.07491,-0.01693,-2.56575,-0.03793,-0.00194,-0.01056,0.00332,-0.04849,0.00139,0.02121,0.78731,0,-0.01089,0.00367
0.5514,-0.47925,-0.01991,-0.00312,0.00229,0.07497,-0.01693,-2.56575,-0.03807,-0.00194,-0.01043,0.00329,-0.04850,0.00135,0.02115,0.78734,0,-0.01089,0.00367
0.5534,-0.47925,-0.01991,-0.00297,0.00226,0.07503,-0.01693,-2.56575,-0.03821,-0.00195,-0.01031,0.00325,-0.04852,0.00130,0.02105,0.78732,0,-0.01089,0.00367
0.5554,-0.47925,-0.01991,-0.00282,0.00222,0.07509,-0.01693,-2.56575,-0.03835,-0.00196,-0.01018,0.00322,-0.04853,0.00126,0.02097,0.78730,0,-0.01089,0.00367
0.5574,-0.47925,-0.01991,-0.00267,0.00219,0.07514,-0.01693,-2.56575,-0.03848,-0.00196,-0.01005,0.00318,-0.04854,0.00122,0.02083,0.78733,0,-0.01089,0.00367
0.5594,-0.47925,-0.01991,-0.00252,0.00216,0.07519,-0.01693,-2.56575,-0.03862,-0.00197,-0.00993,0.00315,-0.04855,0.00118,0.02075,0.78733,0,-0.01089,0.00367
0.5614,-0.47925,-0.01991,-0.00237,0.00212,0.07524,-0.01693,-2.56575,-0.03876,-0.00198,-0.00980,0.00311,-0.04856,0.00113,0.02064,0.78730,0,-0.01089,0.00367
0.5634,-0.47925,-0.01991,-0.00222,0.00209,0.07528,-0.01693,-2.56575,-0.03890,-0.00199,-0.00967,0.00308,-0.04857,0.00109,0.02060,0.78732,0,-0.01089,0.00367
0.5654,-0.48830,-0.01726,-0.00102,0.00133,0.07865,-0.01935,-2.57249,-0.03904,-0.00199,-0.01121,0.00311,-0.04871,0.00112,0.02047,0.78731,0,-0.00306,0.00137
0.5675,-0.48830,-0.01726,-0.00086,0.00129,0.07879,-0.01940,-2.57249,-0.03918,-0.00200,-0.01108,0.00307,-0.04898,0.00107,0.02033,0.78733,0,-0.00306,0.00137
0.5695,-0.48830,-0.01726,-0.00071,0.00126,0.07903,-0.01938,-2.57249,-0.03931,-0.00201,-0.01094,0.00303,-0.04937,0.00103,0.02026,0.78735,0,-0.00306,0.00137
0.5715,-0.48830,-0.01726,-0.00055,0.00122,0.07937,-0.01936,-2.57249,-0.03945,-0.00201,-0.01081,0.00299,-0.04989,0.00098,0.02017,0.78735,0,-0.00306,0.00137
0.5735,-0.48830,-0.01726,-0.00039,0.00118,0.07982,-0.01934,-2.57249,-0.03959,-0.00202,-0.01067,0.00296,-0.05029,0.00093,0.02000,0.78733,0,-0.00306,0.00137
0.5755,-0.48830,-0.01726,-0.00023,0.00114,0.08017,-0.01931,-2.57249,-0.03973,-0.00203,-0.01054,0.00292,-0.05055,0.00089,0.01993,0.78735,0,-0.00306,0.00137
0.5775,-0.48830,-0.01726,-0.00007,0.00110,0.08039,-0.01929,-2.57249,-0.03987,-0.00204,-0.01040,0.00288,-0.05069,0.00084,0.01984,0.78737,0,-0.00306,0.00137
0.5795,-0.48830,-0.01726,0.00009,0.00106,0.08051,-0.01927,-2.57249,-0.04001,-0.00204,-0.01026,0.00284,-0.05070,0.00079,0.01977,0.78736,0,-0.00306,0.00137
0.5815,-0.48830,-0.01726,0.00025,0.00102,0.08051,-0.01925,-2.57249,-0.04015,-0.00205,-0.01012,0.00280,-0.05059,0.00075,0.01966,0.78735,0,-0.00306,0.00137
0.5835,-0.48830,-0.01726,0.00042,0.00099,0.08041,-0.01922,-2.57249,-0.04029,-0.00206,-0.00999,0.00276,-0.05034,0.00070,0.01950,0.78734,0,-0.00306,0.00137
0.5855,-0.48830,-0.01726,0.00058,0.00095,0.08019,-0.01920,-2.57249,-0.04042,-0.00206,-0.00985,0.00272,-0.05022,0.00065,0.01942,0.78737,0,-0.00306,0.00137
0.5876,-0.48830,-0.01726,0.00074,0.00091,0.08007,-0.01917,-2.57249,-0.04056,-0.00207,-0.00972,0.00268,-0.05024,0.00061,0.01935,0.78735,0,-0.00306,0.00137
0.5896,-0.48830,-0.01726,0.00090,0.00087,0.08007,-0.01915,-2.57249,-0.04070,-0.00208,-0.00958,0.00264,-0.05028,0.00056,0.01922,0.78736,0,-0.00306,0.00137
0.5916,-0.48830,-0.01726,0.00106,0.00083,0.08009,-0.01912,-2.57249,-0.04084,-0.00208,-0.00944,0.00260,-0.05028,0.00051,0.01913,0.78738,0,-0.00306,0.00137
0.5936,-0.48830,-0.01726,0.00122,0.00079,0.08007,-0.01910,-2.57249,-0.04098,-0.00209,-0.00931,0.00256,-0.05029,0.00047,0.01900,0.78733,0,-0.00306,0.00137
0.5956,-0.48830,-0.01726,0.00138,0.00076,0.08005,-0.01907,-2.57249,-0.04112,-0.00210,-0.00917,0.00252,-0.05029,0.00042,0.01890,0.78735,0,-0.00306,0.00137
0.5976,-0.48830,-0.01726,0.00154,0.00072,0.08002,-0.01904,-2.57249,-0.04125,-0.00211,-0.00904,0.00248,-0.05029,0.00037,0.01888,0.78741,0,-0.00306,0.00137
0.5996,-0.48830,-0.01726,0.00170,0.00068,0.07999,-0.01901,-2.57249,-0.04139,-0.00211,-0.00890,0.00244,-0.05029,0.00033,0.01876,0.78736,0,-0.00306,0.00137
0.6016,-0.48830,-0.01726,0.00186,0.00064,0.07996,-0.01898,-2.57249,-0.04153,-0.00212,-0.00877,0.00240,-0.05030,0.00028,0.01867,0.78736,0,-0.00306,0.00137
0.6036,-0.48830,-0.01726,0.00202,0.00060,0.07993,-0.01895,-2.57249,-0.04167,-0.00213,-0.00863,0.00236,-0.05030,0.00023,0.01856,0.78737,0,-0.00306,0.00137
0.6056,-0.48830,-0.01726,0.00218,0.00057,0.07990,-0.01892,-2.57249,-0.04181,-0.00213,-0.00850,0.00232,-0.05030,0.00019,0.01843,0.78740,0,-0.00306,0.00137
0.6076,-0.48830,-0.01726,0.00234,0.00053,0.07986,-0.01889,-2.57249,-0.04194,-0.00214,-0.00836,0.00228,-0.05031,0.00014,0.01835,0.78737,0,-0.00306,0.00137
0.6096,-0.48830,-0.01726,0.00250,0.00049,0.07982,-0.01886,-2.57249,-0.04208,-0.00215,-0.00823,0.00224,-0.05031,0.00010,0.01822,0.78740,0,-0.00306,0.00137
0.6116,-0.48830,-0.01726,0.00266,0.00045,0.07978,-0.01883,-2.57249,-0.04222,-0.00216,-0.00809,0.00220,-0.05031,0.00005,0.01811,0.78738,0,-0.00306,0.00137
0.6136,-0.48830,-0.01726,0.00282,0.00042,0.07973,-0.01880,-2.57249,-0.04236,-0.00216,-0.00796,0.00217,-0.05032,0.00000,0.01802,0.78738,0,-0.00306,0.00137
0.6156,-0.48830,-0.01726,0.00297,0.00038,0.07969,-0.01876,-2.57249,-0.04250,-0.00217,-0.00782,0.00213,-0.05032,-0.00004,0.01789,0.78740,0,-0.00306,0.00137
0.6176,-0.48830,-0.01726,0.00313,0.00034,0.07964,-0.01873,-2.57249,-0.04264,-0.00218,-0.00769,0.00209,-0.05033,-0.00009,0.01780,0.78738,0,-0.00306,0.00137
0.6196,-0.48830,-0.01726,0.00329,0.00030,0.07958,-0.01870,-2.57249,-0.04277,-0.00218,-0.00756,0.00205,-0.05033,-0.00013,0.01772,0.78739,0,-0.00306,0.00137
0.6216,-0.48830,-0.01726,0.00345,0.00027,0.07953,-0.01866,-2.57249,-0.04291,-0.00219,-0.00742,0.00201,-0.05033,-0.00018,0.01762,0.78744,0,-0.00306,0.00137
0.6236,-0.48830,-0.01726,0.00361,0.00023,0.07947,-0.01862,-2.57249,-0.04305,-0.00220,-0.00729,0.00197,-0.05034,-0.00023,0.01751,0.78743,0,-0.00306,0.00137
0.6256,-0.48830,-0.01726,0.00377,0.00019,0.07941,-0.01859,-2.57249,-0.04319,-0.00220,-0.00716,0.00193,-0.05035,-0.00027,0.01739,0.78737,0,-0.00306,0.00137
0.6276,-0.48830,-0.01726,0.00393,0.00015,0.07935,-0.01855,-2.57249,-0.04333,-0.00221,-0.00702,0.00189,-0.05035,-0.00032,0.01730,0.78740,0,-0.00306,0.00137
0.6296,-0.48830,-0.01726,0.00409,0.00012,0.07929,-0.01851,-2.57249,-0.04347,-0.00222,-0.00689,0.00186,-0.05036,-0.00036,0.01721,0.78741,0,-0.00306,0.00137
0.6316,-0.48830,-0.01726,0.00425,0.00008,0.07922,-0.01848,-2.57249,-0.04361,-0.00223,-0.00676,0.00182,-0.05036,-0.00041,0.01710,0.78739,0,-0.00306,0.00137
0.6336,-0.48088,-0.01663,0.00490,-0.00074,0.08085,-0.02107,-2.55906,-0.04374,-0.00223,-0.00390,0.00119,-0.05024,-0.00058,0.01701,0.78742,0,0.00200,-0.00065
0.6356,-0.48088,-0.01663,0.00506,-0.00078,0.08066,-0.02090,-2.55906,-0.04388,-0.00224,-0.00377,0.00114,-0.04999,-0.00088,0.01694,0.78741,0,0.00200,-0.00065
0.6376,-0.48088,-0.01663,0.00522,-0.00082,0.08036,-0.02063,-2.55906,-0.04402,-0.00225,-0.00363,0.00110,-0.04962,-0.00115,0.01681,0.78740,0,0.00200,-0.00065
0.6396,-0.48088,-0.01663,0.00539,-0.00086,0.07995,-0.02039,-2.55906,-0.04416,-0.00225,-0.00350,0.00106,-0.04911,-0.00128,0.01671,0.78741,0,0.00200,-0.00065
0.6416,-0.48088,-0.01663,0.00554,-0.00091,0.07942,-0.02026,-2.55906,-0.04430,-0.00226,-0.00337,0.00102,-0.04848,-0.00129,0.01659,0.78740,0,0.00200,-0.00065
0.6436,-0.48088,-0.01663,0.00570,-0.00095,0.07878,-0.02024,-2.55906,-0.04443,-0.00227,-0.00323,0.00097,-0.04772,-0.00130,0.01657,0.78742,0,0.00200,-0.00065
0.6456,-0.48088,-0.01663,0.00586,-0.00099,0.07804,-0.02022,-2.55906,-0.04457,-0.00228,-0.00310,0.00093,-0.04708,-0.00134,0.01643,0.78741,0,0.00200,-0.00065
0.6476,-0.48088,-0.01663,0.00602,-0.00103,0.07739,-0.02016,-2.55906,-0.04471,-0.00228,-0.00297,0.00089,-0.04658,-0.00139,0.01635,0.78741,0,0.00200,-0.00065
0.6496,-0.48088,-0.01663,0.00617,-0.00107,0.07686,-0.02010,-2.55906,-0.04485,-0.00229,-0.00285,0.00085,-0.04620,-0.00144,0.01619,0.78739,0,0.00200,-0.00065
0.6516,-0.48088,-0.01663,0.00632,-0.00111,0.07643,-0.02004,-2.55906,-0.04499,-0.00230,-0.00272,0.00081,-0.04595,-0.00149,0.01616,0.78739,0,0.00200,-0.00065
0.6536,-0.48088,-0.01663,0.00648,-0.00115,0.07611,-0.01998,-2.55906,-0.04512,-0.00230,-0.00259,0.00076,-0.04583,-0.00154,0.01605,0.78740,0,0.00200,-0.00065
0.6556,-0.48088,-0.01663,0.00663,-0.00119,0.07589,-0.01992,-2.55906,-0.04526,-0.00231,-0.00247,0.00072,-0.04584,-0.00159,0.01597,0.78741,0,0.00200,-0.00065
0.6576,-0.48088,-0.01663,0.00678,-0.00123,0.07578,-0.01985,-2.55906,-0.04540,-0.00232,-0.00235,0.00068,-0.04597,-0.00164,0.01590,0.78738,0,0.00200,-0.00065
0.6596,-0.48088,-0.01663,0.00693,-0.00127,0.07578,-0.01979,-2.55906,-0.04554,-0.00232,-0.00222,0.00064,-0.04624,-0.00168,0.01580,0.78737,0,0.00200,-0.00065
0.6616,-0.48088,-0.01663,0.00708,-0.00131,0.07589,-0.01973,-2.55906,-0.04568,-0.00233,-0.00210,0.00060,-0.04663,-0.00173,0.01575,0.78740,0,0.00200,-0.00065
0.6636,-0.48088,-0.01663,0.00723,-0.00135,0.07610,-0.01966,-2.55906,-0.04582,-0.00234,-0.00197,0.00056,-0.04715,-0.00178,0.01564,0.78740,0,0.00200,-0.00065
0.6656,-0.48088,-0.01663,0.00739,-0.00138,0.07642,-0.01960,-2.55906,-0.04595,-0.00235,-0.00185,0.00052,-0.04779,-0.00183,0.01553,0.78739,0,0.00200,-0.00065
0.6676,-0.48088,-0.01663,0.00754,-0.00142,0.07684,-0.01953,-2.55906,-0.04609,-0.00235,-0.00172,0.00048,-0.04831,-0.00187,0.01545,0.78739,0,0.00200,-0.00065
0.6696,-0.48088,-0.01663,0.00769,-0.00146,0.07716,-0.01947,-2.55906,-0.04623,-0.00236,-0.00159,0.00044,-0.04870,-0.00192,0.01532,0.78740,0,0.00200,-0.00065
0.6716,-0.48088,-0.01663,0.00785,-0.00150,0.07736,-0.01940,-2.55906,-0.04637,-0.00237,-0.00147,0.00040,-0.04897,-0.00197,0.01525,0.78737,0,0.00200,-0.00065
0.6736,-0.48088,-0.01663,0.00800,-0.00154,0.07745,-0.01934,-2.55906,-0.04651,-0.00237,-0.00134,0.00036,-0.04910,-0.00202,0.01512,0.78737,0,0.00200,-0.00065
0.6756,-0.48088,-0.01663,0.00816,-0.00158,0.07743,-0.01927,-2.55906,-0.04664,-0.00238,-0.00121,0.00032,-0.04911,-0.00206,0.01502,0.78736,0,0.00200,-0.00065
0.6776,-0.48088,-0.01663,0.00831,-0.00162,0.07729,-0.01920,-2.55906,-0.04678,-0.00239,-0.00109,0.00028,-0.04899,-0.00211,0.01491,0.78738,0,0.00200,-0.00065
0.6796,-0.48088,-0.01663,0.00847,-0.00166,0.07704,-0.01913,-2.55906,-0.04692,-0.00240,-0.00096,0.00024,-0.04874,-0.00216,0.01482,0.78740,0,0.00200,-0.00065
0.6816,-0.48088,-0.01663,0.00862,-0.00169,0.07669,-0.01907,-2.55906,-0.04706,-0.00240,-0.00083,0.00020,-0.04836,-0.00220,0.01469,0.78738,0,0.00200,-0.00065
0.6836,-0.48088,-0.01663,0.00877,-0.00173,0.07622,-0.01900,-2.55906,-0.04720,-0.00241,-0.00071,0.00016,-0.04791,-0.00225,0.01458,0.78737,0,0.00200,-0.00065
0.6856,-0.48088,-0.01663,0.00893,-0.00177,0.07568,-0.01893,-2.55906,-0.04733,-0.00242,-0.00059,0.00012,-0.04758,-0.00230,0.01452,0.78735,0,0.00200,-0.00065
0.6876,-0.48088,-0.01663,0.00908,-0.00181,0.07524,-0.01886,-2.55906,-0.04747,-0.00242,-0.00046,0.00008,-0.04738,-0.00234,0.01443,0.78741,0,0.00200,-0.00065
0.6896,-0.48088,-0.01663,0.00923,-0.00185,0.07492,-0.01879,-2.55906,-0.04761,-0.00243,-0.00034,0.00004,-0.04731,-0.00239,0.01437,0.78740,0,0.00200,-0.00065
0.6916,-0.48088,-0.01663,0.00938,-0.00188,0.07470,-0.01871,-2.55906,-0.04775,-0.00244,-0.00022,0.00000,-0.04737,-0.00244,0.01422,0.78741,0,0.00200,-0.00065
0.6936,-0.48088,-0.01663,0.00953,-0.00192,0.07459,-0.01864,-2.55906,-0.04789,-0.00244,-0.00010,-0.00004,-0.04755,-0.00248,0.01418,0.78739,0,0.00200,-0.00065
0.6956,-0.48088,-0.01663,0.00967,-0.00196,0.07458,-0.01857,-2.55906,-0.04803,-0.00245,0.00002,-0.00008,-0.04786,-0.00253,0.01409,0.78736,0,0.00200,-0.00065
0.6976,-0.48088,-0.01663,0.00982,-0.00199,0.07468,-0.01850,-2.55906,-0.04816,-0.00246,0.00014,-0.00011,-0.04805,-0.00257,0.01397,0.78738,0,0.00200,-0.00065
0.6996,-0.48088,-0.01663,0.00997,-0.00203,0.07467,-0.01842,-2.55906,-0.04830,-0.00247,0.00026,-0.00015,-0.04810,-0.00262,0.01388,0.78738,0,0.00200,-0.00065
0.7017,-0.48088,-0.01663,0.01012,-0.00207,0.07455,-0.01835,-2.55906,-0.04844,-0.00247,0.00038,-0.00019,-0.04806,-0.00266,0.01378,0.78738,0,0.00200,-0.00065
0.7037,-0.48681,-0.01334,0.01026,-0.00323,0.07444,-0.02202,-2.55229,-0.04858,-0.00248,-0.00129,-0.00037,-0.04814,-0.00284,0.01366,0.78738,0,0.00690,-0.00337
0.7057,-0.48681,-0.01334,0.01040,-0.00327,0.07433,-0.02181,-2.55229,-0.04872,-0.00249,-0.00117,-0.00041,-0.04836,-0.00290,0.01366,0.78738,0,0.00690,-0.00337
0.7077,-0.48681,-0.01334,0.01055,-0.00331,0.07434,-0.02170,-2.55229,-0.04886,-0.00249,-0.00105,-0.00046,-0.04869,-0.00295,0.01356,0.78740,0,0.00690,-0.00337
0.7097,-0.48681,-0.01334,0.01070,-0.00336,0.07445,-0.02160,-2.55229,-0.04899,-0.00250,-0.00093,-0.00050,-0.04916,-0.00300,0.01343,0.78736,0,0.00690,-0.00337
0.7117,-0.48681,-0.01334,0.01085,-0.00340,0.07466,-0.02150,-2.55229,-0.04913,-0.00251,-0.00081,-0.00055,-0.04976,-0.00305,0.01335,0.78737,0,0.00690,-0.00337
0.7137,-0.48681,-0.01334,0.01100,-0.00344,0.07499,-0.02140,-2.55229,-0.04927,-0.00252,-0.00069,-0.00059,-0.05023,-0.00311,0.01325,0.78738,0,0.00690,-0.00337
0.7157,-0.48681,-0.01334,0.01115,-0.00349,0.07520,-0.02130,-2.55229,-0.04941,-0.00252,-0.00057,-0.00063,-0.05057,-0.00316,0.01318,0.78734,0,0.00690,-0.00337
0.7177,-0.48681,-0.01334,0.01130,-0.00353,0.07530,-0.02119,-2.55229,-0.04955,-0.00253,-0.00045,-0.00068,-0.05078,-0.00321,0.01306,0.78731,0,0.00690,-0.00337
0.7197,-0.48681,-0.01334,0.01145,-0.00357,0.07529,-0.02109,-2.55229,-0.04968,-0.00254,-0.00033,-0.00072,-0.05086,-0.00326,0.01297,0.78735,0,0.00690,-0.00337
0.7217,-0.48681,-0.01334,0.01160,-0.00361,0.07516,-0.02099,-2.55229,-0.04982,-0.00254,-0.00021,-0.00077,-0.05082,-0.00331,0.01283,0.78739,0,0.00690,-0.00337
0.7237,-0.48681,-0.01334,0.01175,-0.00365,0.07493,-0.02088,-2.55229,-0.04996,-0.00255,-0.00009,-0.00081,-0.05065,-0.00336,0.01271,0.78735,0,0.00690,-0.00337
0.7257,-0.48681,-0.01334,0.01190,-0.00370,0.07458,-0.02078,-2.55229,-0.05010,-0.00256,0.00003,-0.00085,-0.05035,-0.00341,0.01257,0.78735,0,0.00690,-0.00337
0.7277,-0.48681,-0.01334,0.01205,-0.00374,0.07412,-0.02067,-2.55229,-0.05024,-0.00256,0.00015,-0.00090,-0.05009,-0.00346,0.01250,0.78732,0,0.00690,-0.00337
0.7297,-0.48681,-0.01334,0.01220,-0.00378,0.07370,-0.02056,-2.55229,-0.05038,-0.00257,0.00027,-0.00094,-0.04996,-0.00351,0.01242,0.78730,0,0.00690,-0.00337
0.7317,-0.48681,-0.01334,0.01234,-0.00382,0.07338,-0.02046,-2.55229,-0.05051,-0.00258,0.00038,-0.00098,-0.04996,-0.00356,0.01228,0.78731,0,0.00690,-0.00337
0.7337,-0.48681,-0.01334,0.01249,-0.00386,0.07317,-0.02035,-2.55229,-0.05065,-0.00259,0.00050,-0.00102,-0.05009,-0.00361,0.01224,0.78731,0,0.00690,-0.00337
0.7357,-0.48681,-0.01334,0.01264,-0.00390,0.07307,-0.02024,-2.55229,-0.05079,-0.00259,0.00061,-0.00107,-0.05018,-0.00366,0.01210,0.78729,0,0.00690,-0.00337
0.7377,-0.48681,-0.01334,0.01278,-0.00394,0.07292,-0.02013,-2.55229,-0.05093,-0.00260,0.00073,-0.00111,-0.05020,-0.00371,0.01204,0.78730,0,0.00690,-0.00337
0.7397,-0.48681,-0.01334,0.01293,-0.00398,0.07273,-0.02002,-2.55229,-0.05107,-0.00261,0.00085,-0.00115,-0.05022,-0.00376,0.01195,0.78725,0,0.00690,-0.00337
0.7417,-0.48681,-0.01334,0.01307,-0.00402,0.07253,-0.01992,-2.55229,-0.05120,-0.00261,0.00096,-0.00119,-0.05024,-0.00381,0.01185,0.78728,0,0.00690,-0.00337
0.7437,-0.48681,-0.01334,0.01322,-0.00406,0.07232,-0.01981,-2.55229,-0.05134,-0.00262,0.00107,-0.00123,-0.05027,-0.00385,0.01174,0.78729,0,0.00690,-0.00337
0.7457,-0.48681,-0.01334,0.01336,-0.00410,0.07212,-0.01970,-2.55229,-0.05148,-0.00263,0.00119,-0.00127,-0.05029,-0.00390,0.01166,0.78729,0,0.00690,-0.00337
0.7477,-0.48681,-0.01334,0.01351,-0.00414,0.07191,-0.01958,-2.55229,-0.05162,-0.00264,0.00130,-0.00131,-0.05032,-0.00395,0.01158,0.78727,0,0.00690,-0.00337
0.7497,-0.48681,-0.01334,0.01365,-0.00418,0.07170,-0.01947,-2.55229,-0.05176,-0.00264,0.00141,-0.00136,-0.05034,-0.00400,0.01149,0.78726,0,0.00690,-0.00337
0.7517,-0.48681,-0.01334,0.01379,-0.00422,0.07149,-0.01936,-2.55229,-0.05189,-0.00265,0.00153,-0.00140,-0.05037,-0.00404,0.01138,0.78724,0,0.00690,-0.00337
0.7537,-0.48681,-0.01334,0.01394,-0.00426,0.07128,-0.01925,-2.55229,-0.05203,-0.00266,0.00164,-0.00144,-0.05040,-0.00409,0.01126,0.78723,0,0.00690,-0.00337
0.7557,-0.48681,-0.01334,0.01408,-0.00429,0.07107,-0.01914,-2.55229,-0.05217,-0.00266,0.00175,-0.00148,-0.05042,-0.00414,0.01119,0.78724,0,0.00690,-0.00337
0.7577,-0.48681,-0.01334,0.01422,-0.00433,0.07085,-0.01902,-2.55229,-0.05231,-0.00267,0.00186,-0.00152,-0.05045,-0.00419,0.01111,0.78720,0,0.00690,-0.00337
0.7597,-0.48681,-0.01334,0.01436,-0.00437,0.07063,-0.01891,-2.55229,-0.05245,-0.00268,0.00197,-0.00156,-0.05048,-0.00423,0.01096,0.78718,0,0.00690,-0.00337
0.7617,-0.48681,-0.01334,0.01450,-0.00441,0.07041,-0.01880,-2.55229,-0.05259,-0.00268,0.00208,-0.00159,-0.05051,-0.00428,0.01088,0.78719,0,0.00690,-0.00337
0.7637,-0.48681,-0.01334,0.01465,-0.00445,0.07019,-0.01868,-2.55229,-0.05272,-0.00269,0.00219,-0.00163,-0.05054,-0.00433,0.01075,0.78718,0,0.00690,-0.00337
0.7659,-0.49194,-0.01065,0.01438,-0.00547,0.06841,-0.02196,-2.54153,-0.05287,-0.00270,0.00034,-0.00186,-0.05069,-0.00450,0.01052,0.78720,0,0.01113,-0.00559
0.7679,-0.49194,-0.01065,0.01451,-0.00552,0.06830,-0.02171,-2.54153,-0.05301,-0.00271,0.00045,-0.00190,-0.05098,-0.00461,0.01052,0.78720,0,0.01113,-0.00559
0.7699,-0.49194,-0.01065,0.01465,-0.00556,0.06830,-0.02153,-2.54153,-0.05315,-0.00271,0.00055,-0.00195,-0.05139,-0.00466,0.01046,0.78716,0,0.01113,-0.00559
0.7719,-0.49194,-0.01065,0.01479,-0.00560,0.06841,-0.02139,-2.54153,-0.05329,-0.00272,0.00066,-0.00199,-0.05193,-0.00471,0.01034,0.78712,0,0.01113,-0.00559
0.7739,-0.49194,-0.01065,0.01492,-0.00565,0.06862,-0.02125,-2.54153,-0.05343,-0.00273,0.00076,-0.00204,-0.05260,-0.00476,0.01017,0.78714,0,0.01113,-0.00559
0.7759,-0.49194,-0.01065,0.01506,-0.00569,0.06894,-0.02111,-2.54153,-0.05357,-0.00273,0.00087,-0.00208,-0.05314,-0.00481,0.01013,0.78712,0,0.01113,-0.00559
0.7779,-0.49194,-0.01065,0.01520,-0.00573,0.06914,-0.02097,-2.54153,-0.05371,-0.00274,0.00098,-0.00212,-0.05355,-0.00486,0.01002,0.78712,0,0.01113,-0.00559
0.7799,-0.49194,-0.01065,0.01534,-0.00577,0.06924,-0.02083,-2.54153,-0.05384,-0.00275,0.00108,-0.00217,-0.05384,-0.00492,0.00988,0.78708,0,0.01113,-0.00559
0.7819,-0.49194,-0.01065,0.01548,-0.00581,0.06922,-0.02069,-2.54153,-0.05398,-0.00276,0.00119,-0.00221,-0.05400,-0.00497,0.00981,0.78711,0,0.01113,-0.00559
0.7839,-0.49194,-0.01065,0.01561,-0.00586,0.06909,-0.02055,-2.54153,-0.05412,-0.00276,0.00129,-0.00225,-0.05403,-0.00502,0.00968,0.78707,0,0.01113,-0.00559
0.7859,-0.49194,-0.01065,0.01575,-0.00590,0.06885,-0.02041,-2.54153,-0.05426,-0.00277,0.00140,-0.00230,-0.05393,-0.00507,0.00956,0.78709,0,0.01113,-0.00559
0.7879,-0.49194,-0.01065,0.01589,-0.00594,0.06850,-0.02026,-2.54153,-0.05440,-0.00278,0.00150,-0.00234,-0.05370,-0.00511,0.00946,0.78702,0,0.01113,-0.00559
0.7899,-0.49194,-0.01065,0.01603,-0.00598,0.06804,-0.02012,-2.54153,-0.05454,-0.00278,0.00161,-0.00238,-0.05334,-0.00516,0.00934,0.78703,0,0.01113,-0.00559
0.7919,-0.49194,-0.01065,0.01616,-0.00602,0.06746,-0.01998,-2.54153,-0.05467,-0.00279,0.00171,-0.00242,-0.05296,-0.00521,0.00928,0.78703,0,0.01113,-0.00559
0.7939,-0.49194,-0.01065,0.01630,-0.00606,0.06686,-0.01983,-2.54153,-0.05481,-0.00280,0.00181,-0.00246,-0.05271,-0.00526,0.00918,0.78699,0,0.01113,-0.00559
0.7959,-0.49194,-0.01065,0.01643,-0.00610,0.06637,-0.01969,-2.54153,-0.05495,-0.00281,0.00191,-0.00250,-0.05259,-0.00531,0.00909,0.78702,0,0.01113,-0.00559
0.7980,-0.49194,-0.01065,0.01656,-0.00614,0.06599,-0.01955,-2.54153,-0.05509,-0.00281,0.00201,-0.00255,-0.05259,-0.00536,0.00894,0.78698,0,0.01113,-0.00559
0.8000,-0.49194,-0.01065,0.01669,-0.00617,0.06571,-0.01940,-2.54153,-0.05523,-0.00282,0.00211,-0.00259,-0.05272,-0.00541,0.00889,0.78701,0,0.01113,-0.00559
0.8020,-0.49194,-0.01065,0.01682,-0.00621,0.06554,-0.01926,-2.54153,-0.05537,-0.00283,0.00221,-0.00263,-0.05298,-0.00545,0.00878,0.78696,0,0.01113,-0.00559
0.8040,-0.49194,-0.01065,0.01695,-0.00625,0.06547,-0.01911,-2.54153,-0.05550,-0.00283,0.00231,-0.00267,-0.05320,-0.00550,0.00866,0.78695,0,0.01113,-0.00559
0.8060,-0.49194,-0.01065,0.01709,-0.00629,0.06537,-0.01896,-2.54153,-0.05564,-0.00284,0.00240,-0.00271,-0.05329,-0.00555,0.00854,0.78696,0,0.01113,-0.00559
0.8080,-0.49194,-0.01065,0.01722,-0.00633,0.06516,-0.01882,-2.54153,-0.05578,-0.00285,0.00250,-0.00275,-0.05328,-0.00559,0.00840,0.78693,0,0.01113,-0.00559
0.8100,-0.49194,-0.01065,0.01735,-0.00637,0.06486,-0.01867,-2.54153,-0.05592,-0.00285,0.00260,-0.00278,-0.05332,-0.00564,0.00828,0.78691,0,0.01113,-0.00559
0.8120,-0.49194,-0.01065,0.01748,-0.00640,0.06460,-0.01852,-2.54153,-0.05606,-0.00286,0.00269,-0.00282,-0.05336,-0.00569,0.00824,0.78694,0,0.01113,-0.00559
0.8140,-0.49194,-0.01065,0.01760,-0.00644,0.06434,-0.01838,-2.54153,-0.05619,-0.00287,0.00279,-0.00286,-0.05340,-0.00573,0.00810,0.78688,0,0.01113,-0.00559
0.8160,-0.49194,-0.01065,0.01773,-0.00648,0.06408,-0.01823,-2.54153,-0.05633,-0.00288,0.00288,-0.00290,-0.05345,-0.00578,0.00797,0.78692,0,0.01113,-0.00559
0.8180,-0.49194,-0.01065,0.01786,-0.00651,0.06382,-0.01808,-2.54153,-0.05647,-0.00288,0.00298,-0.00294,-0.05349,-0.00582,0.00795,0.78691,0,0.01113,-0.00559
0.8200,-0.49194,-0.01065,0.01799,-0.00655,0.06356,-0.01793,-2.54153,-0.05661,-0.00289,0.00307,-0.00298,-0.05354,-0.00587,0.00775,0.78687,0,0.01113,-0.00559
0.8220,-0.49194,-0.01065,0.01812,-0.00658,0.06329,-0.01778,-2.54153,-0.05675,-0.00290,0.00316,-0.00301,-0.05358,-0.00591,0.00768,0.78684,0,0.01113,-0.00559
0.8240,-0.49194,-0.01065,0.01824,-0.00662,0.06302,-0.01763,-2.54153,-0.05689,-0.00290,0.00326,-0.00305,-0.05363,-0.00596,0.00758,0.78686,0,0.01113,-0.00559
0.8260,-0.49194,-0.01065,0.01837,-0.00665,0.06275,-0.01748,-2.54153,-0.05702,-0.00291,0.00335,-0.00309,-0.05367,-0.00600,0.00748,0.78684,0,0.01113,-0.00559
0.8280,-0.49194,-0.01065,0.01849,-0.00669,0.06248,-0.01733,-2.54153,-0.05716,-0.00292,0.00344,-0.00312,-0.05372,-0.00604,0.00741,0.78683,0,0.01113,-0.00559
0.8300,-0.49194,-0.01065,0.01862,-0.00672,0.06221,-0.01718,-2.54153,-0.05730,-0.00293,0.00353,-0.00316,-0.05377,-0.00609,0.00723,0.78682,0,0.01113,-0.00559
0.8320,-0.49194,-0.01065,0.01874,-0.00676,0.06193,-0.01703,-2.54153,-0.05744,-0.00293,0.00362,-0.00320,-0.05382,-0.00613,0.00713,0.78684,0,0.01113,-0.00559
0.8341,-0.49649,-0.00886,0.01810,-0.00732,0.05874,-0.01869,-2.53668,-0.05759,-0.00294,0.00158,-0.00323,-0.05399,-0.00617,0.00693,0.78677,0,0.01488,-0.00707
0.8361,-0.49649,-0.00886,0.01822,-0.00736,0.05859,-0.01854,-2.53668,-0.05773,-0.00295,0.00167,-0.00327,-0.05430,-0.00621,0.00693,0.78677,0,0.01488,-0.00707
0.8381,-0.49649,-0.00886,0.01834,-0.00740,0.05854,-0.01837,-2.53668,-0.05786,-0.00295,0.00175,-0.00331,-0.05473,-0.00626,0.00683,0.78678,0,0.01488,-0.00707
0.8402,-0.49649,-0.00886,0.01846,-0.00743,0.05860,-0.01821,-2.53668,-0.05800,-0.00296,0.00183,-0.00334,-0.05529,-0.00631,0.00665,0.78675,0,0.01488,-0.00707
0.8422,-0.49649,-0.00886,0.01857,-0.00747,0.05877,-0.01804,-2.53668,-0.05814,-0.00297,0.00191,-0.00338,-0.05598,-0.00635,0.00665,0.78675,0,0.01488,-0.00707
0.8442,-0.49649,-0.00886,0.01869,-0.00751,0.05904,-0.01788,-2.53668,-0.05828,-0.00298,0.00200,-0.00342,-0.05654,-0.00640,0.00652,0.78673,0,0.01488,-0.00707
0.8462,-0.49649,-0.00886,0.01881,-0.00754,0.05920,-0.01772,-2.53668,-0.05842,-0.00298,0.00208,-0.00346,-0.05697,-0.00644,0.00639,0.78672,0,0.01488,-0.00707
0.8482,-0.49649,-0.00886,0.01893,-0.00758,0.05925,-0.01755,-2.53668,-0.05856,-0.00299,0.00216,-0.00349,-0.05728,-0.00648,0.00631,0.78672,0,0.01488,-0.00707
0.8502,-0.49649,-0.00886,0.01905,-0.00761,0.05919,-0.01738,-2.53668,-0.05870,-0.00300,0.00225,-0.00353,-0.05745,-0.00653,0.00621,0.78671,0,0.01488,-0.00707
0.8522,-0.49649,-0.00886,0.01917,-0.00765,0.05902,-0.01722,-2.53668,-0.05883,-0.00300,0.00233,-0.00357,-0.05750,-0.00657,0.00608,0.78670,0,0.01488,-0.00707
0.8542,-0.49649,-0.00886,0.01928,-0.00768,0.05874,-0.01705,-2.53668,-0.05897,-0.00301,0.00241,-0.00360,-0.05742,-0.00661,0.00598,0.78667,0,0.01488,-0.00707
0.8562,-0.49649,-0.00886,0.01940,-0.00771,0.05835,-0.01689,-2.53668,-0.05911,-0.00302,0.00249,-0.00364,-0.05721,-0.00666,0.00584,0.78665,0,0.01488,-0.00707
0.8582,-0.49649,-0.00886,0.01952,-0.00775,0.05784,-0.01672,-2.53668,-0.05925,-0.00302,0.00257,-0.00367,-0.05688,-0.00670,0.00574,0.78668,0,0.01488,-0.00707
0.8602,-0.49649,-0.00886,0.01963,-0.00778,0.05722,-0.01655,-2.53668,-0.05939,-0.00303,0.00265,-0.00371,-0.05667,-0.00674,0.00559,0.78664,0,0.01488,-0.00707
0.8622,-0.49649,-0.00886,0.01975,-0.00781,0.05672,-0.01639,-2.53668,-0.05953,-0.00304,0.00273,-0.00374,-0.05659,-0.00678,0.00536,0.78659,0,0.01488,-0.00707
0.8642,-0.49649,-0.00886,0.01986,-0.00785,0.05631,-0.01622,-2.53668,-0.05967,-0.00305,0.00281,-0.00378,-0.05664,-0.00683,0.00536,0.78659,0,0.01488,-0.00707
0.8663,-0.49649,-0.00886,0.01997,-0.00788,0.05602,-0.01605,-2.53668,-0.05980,-0.00305,0.00288,-0.00381,-0.05682,-0.00687,0.00515,0.78660,0,0.01488,-0.00707
0.8683,-0.49649,-0.00886,0.02008,-0.00791,0.05583,-0.01588,-2.53668,-0.05994,-0.00306,0.00296,-0.00385,-0.05698,-0.00691,0.00511,0.78657,0,0.01488,-0.00707
0.8703,-0.49649,-0.00886,0.02019,-0.00794,0.05564,-0.01571,-2.53668,-0.06008,-0.00307,0.00304,-0.00388,-0.05705,-0.00695,0.00494,0.78657,0,0.01488,-0.00707
0.8723,-0.49649,-0.00886,0.02030,-0.00797,0.05535,-0.01554,-2.53668,-0.06022,-0.00307,0.00311,-0.00391,-0.05711,-0.00699,0.00482,0.78656,0,0.01488,-0.00707
0.8743,-0.49649,-0.00886,0.02042,-0.00800,0.05506,-0.01538,-2.53668,-0.06036,-0.00308,0.00318,-0.00395,-0.05717,-0.00703,0.00470,0.78649,0,0.01488,-0.00707
0.8763,-0.49649,-0.00886,0.02052,-0.00803,0.05477,-0.01521,-2.53668,-0.06050,-0.00309,0.00326,-0.00398,-0.05724,-0.00707,0.00459,0.78646,0,0.01488,-0.00707
0.8783,-0.49649,-0.00886,0.02063,-0.00806,0.05448,-0.01504,-2.53668,-0.06064,-0.00310,0.00333,-0.00401,-0.05731,-0.00711,0.00459,0.78646,0,0.01488,-0.00707
0.8803,-0.49649,-0.00886,0.02074,-0.00809,0.05419,-0.01487,-2.53668,-0.06078,-0.00310,0.00340,-0.00404,-0.05737,-0.00715,0.00449,0.78651,0,0.01488,-0.00707
0.8823,-0.49649,-0.00886,0.02085,-0.00812,0.05390,-0.01470,-2.53668,-0.06092,-0.00311,0.00347,-0.00407,-0.05744,-0.00718,0.00425,0.78646,0,0.01488,-0.00707
0.8844,-0.49649,-0.00886,0.02096,-0.00815,0.05360,-0.01453,-2.53668,-0.06105,-0.00312,0.00354,-0.00411,-0.05751,-0.00722,0.00419,0.78645,0,0.01488,-0.00707
0.8864,-0.49649,-0.00886,0.02107,-0.00818,0.05331,-0.01436,-2.53668,-0.06119,-0.00312,0.00362,-0.00414,-0.05758,-0.00726,0.00409,0.78645,0,0.01488,-0.00707
0.8884,-0.49649,-0.00886,0.02117,-0.00821,0.05301,-0.01419,-2.53668,-0.06133,-0.00313,0.00368,-0.00417,-0.05765,-0.00730,0.00393,0.78639,0,0.01488,-0.00707
0.8904,-0.49649,-0.00886,0.02128,-0.00824,0.05271,-0.01402,-2.53668,-0.06147,-0.00314,0.00375,-0.00420,-0.05772,-0.00734,0.00382,0.78637,0,0.01488,-0.00707
0.8924,-0.49649,-0.00886,0.02138,-0.00827,0.05241,-0.01385,-2.53668,-0.06161,-0.00315,0.00382,-0.00423,-0.05779,-0.00737,0.00371,0.78639,0,0.01488,-0.00707
0.8944,-0.49649,-0.00886,0.02149,-0.00829,0.05211,-0.01368,-2.53668,-0.06175,-0.00315,0.00389,-0.00426,-0.05786,-0.00741,0.00357,0.78634,0,0.01488,-0.00707
0.8964,-0.49649,-0.00886,0.02159,-0.00832,0.05181,-0.01351,-2.53668,-0.06189,-0.00316,0.00396,-0.00429,-0.05793,-0.00744,0.00347,0.78633,0,0.01488,-0.00707
0.8984,-0.49649,-0.00886,0.02169,-0.00835,0.05151,-0.01334,-2.53668,-0.06202,-0.00317,0.00402,-0.00431,-0.05800,-0.00748,0.00332,0.78631,0,0.01488,-0.00707
0.9004,-0.49649,-0.00886,0.02180,-0.00838,0.05120,-0.01316,-2.53668,-0.06216,-0.00317,0.00409,-0.00434,-0.05808,-0.00752,0.00321,0.78629,0,0.01488,-0.00707
0.9024,-0.49988,-0.00671,0.02084,-0.00895,0.04702,-0.01485,-2.52536,-0.06230,-0.00318,0.00208,-0.00428,-0.05828,-0.00746,0.00306,0.78629,0,0.01765,-0.00883
0.9044,-0.49988,-0.00671,0.02094,-0.00898,0.04684,-0.01475,-2.52536,-0.06244,-0.00319,0.00213,-0.00431,-0.05861,-0.00750,0.00296,0.78625,0,0.01765,-0.00883
0.9065,-0.49988,-0.00671,0.02103,-0.00901,0.04677,-0.01456,-2.52536,-0.06258,-0.00319,0.00219,-0.00434,-0.05907,-0.00753,0.00287,0.78627,0,0.01765,-0.00883
0.9085,-0.49988,-0.00671,0.02112,-0.00904,0.04681,-0.01438,-2.52536,-0.06272,-0.00320,0.00225,-0.00437,-0.05965,-0.00757,0.00277,0.78629,0,0.01765,-0.00883
0.9105,-0.49988,-0.00671,0.02122,-0.00907,0.04695,-0.01419,-2.52536,-0.06286,-0.00321,0.00230,-0.00440,-0.06037,-0.00761,0.00265,0.78621,0,0.01765,-0.00883
0.9125,-0.49988,-0.00671,0.02131,-0.00910,0.04721,-0.01401,-2.52536,-0.06300,-0.00322,0.00236,-0.00443,-0.06095,-0.00765,0.00253,0.78616,0,0.01765,-0.00883
0.9145,-0.49988,-0.00671,0.02140,-0.00912,0.04735,-0.01382,-2.52536,-0.06314,-0.00322,0.00241,-0.00446,-0.06141,-0.00768,0.00239,0.78619,0,0.01765,-0.00883
0.9165,-0.49988,-0.00671,0.02150,-0.00915,0.04738,-0.01364,-2.52536,-0.06327,-0.00323,0.00247,-0.00449,-0.06174,-0.00772,0.00226,0.78618,0,0.01765,-0.00883
0.9185,-0.49988,-0.00671,0.02159,-0.00918,0.04730,-0.01345,-2.52536,-0.06341,-0.00324,0.00253,-0.00452,-0.06194,-0.00776,0.00210,0.78613,0,0.01765,-0.00883
0.9205,-0.49988,-0.00671,0.02169,-0.00921,0.04711,-0.01327,-2.52536,-0.06355,-0.00324,0.00258,-0.00455,-0.06202,-0.00779,0.00202,0.78616,0,0.01765,-0.00883
0.9225,-0.49988,-0.00671,0.02178,-0.00923,0.04680,-0.01308,-2.52536,-0.06369,-0.00325,0.00264,-0.00458,-0.06196,-0.00783,0.00186,0.78615,0,0.01765,-0.00883
0.9245,-0.49988,-0.00671,0.02188,-0.00926,0.04639,-0.01290,-2.52536,-0.06383,-0.00326,0.00269,-0.00460,-0.06178,-0.00786,0.00171,0.78610,0,0.01765,-0.00883
0.9265,-0.49988,-0.00671,0.02197,-0.00928,0.04587,-0.01271,-2.52536,-0.06396,-0.00327,0.00275,-0.00463,-0.06147,-0.00790,0.00159,0.78608,0,0.01765,-0.00883
0.9285,-0.49988,-0.00671,0.02206,-0.00931,0.04523,-0.01253,-2.52536,-0.06410,-0.00327,0.00280,-0.00466,-0.06129,-0.00793,0.00149,0.78610,0,0.01765,-0.00883
0.9305,-0.49988,-0.00671,0.02215,-0.00933,0.04470,-0.01234,-2.52536,-0.06424,-0.00328,0.00285,-0.00469,-0.06124,-0.00797,0.00134,0.78603,0,0.01765,-0.00883
0.9325,-0.49988,-0.00671,0.02224,-0.00936,0.04429,-0.01215,-2.52536,-0.06438,-0.00329,0.00290,-0.00471,-0.06131,-0.00800,0.00127,0.78605,0,0.01765,-0.00883
0.9345,-0.49988,-0.00671,0.02233,-0.00938,0.04397,-0.01197,-2.52536,-0.06452,-0.00329,0.00295,-0.00474,-0.06151,-0.00803,0.00114,0.78601,0,0.01765,-0.00883
0.9365,-0.49988,-0.00671,0.02241,-0.00941,0.04377,-0.01178,-2.52536,-0.06466,-0.00330,0.00300,-0.00476,-0.06165,-0.00807,0.00103,0.78601,0,0.01765,-0.00883
0.9385,-0.49988,-0.00671,0.02250,-0.00943,0.04351,-0.01160,-2.52536,-0.06479,-0.00331,0.00305,-0.00479,-0.06174,-0.00810,0.00093,0.78599,0,0.01765,-0.00883
0.9405,-0.49988,-0.00671,0.02259,-0.00945,0.04321,-0.01141,-2.52536,-0.06493,-0.00331,0.00310,-0.00481,-0.06183,-0.00813,0.00077,0.78598,0,0.01765,-0.00883
0.9425,-0.49988,-0.00671,0.02267,-0.00948,0.04291,-0.01122,-2.52536,-0.06507,-0.00332,0.00315,-0.00484,-0.06192,-0.00816,0.00064,0.78596,0,0.01765,-0.00883
0.9445,-0.49988,-0.00671,0.02276,-0.00950,0.04260,-0.01104,-2.52536,-0.06521,-0.00333,0.00319,-0.00486,-0.06202,-0.00819,0.00048,0.78592,0,0.01765,-0.00883
0.9465,-0.49988,-0.00671,0.02284,-0.00952,0.04230,-0.01085,-2.52536,-0.06535,-0.00334,0.00324,-0.00489,-0.06211,-0.00822,0.00039,0.78592,0,0.01765,-0.00883
0.9485,-0.49988,-0.00671,0.02293,-0.00954,0.04199,-0.01066,-2.52536,-0.06548,-0.00334,0.00328,-0.00491,-0.06220,-0.00825,0.00028,0.78590,0,0.01765,-0.00883
0.9505,-0.49988,-0.00671,0.02301,-0.00956,0.04168,-0.01048,-2.52536,-0.06562,-0.00335,0.00333,-0.00493,-0.06229,-0.00828,0.00013,0.78589,0,0.01765,-0.00883
0.9525,-0.49988,-0.00671,0.02310,-0.00958,0.04138,-0.01029,-2.52536,-0.06576,-0.00336,0.00337,-0.00496,-0.06239,-0.00831,0.00004,0.78587,0,0.01765,-0.00883
0.9545,-0.49988,-0.00671,0.02318,-0.00960,0.04107,-0.01010,-2.52536,-0.06590,-0.00336,0.00341,-0.00498,-0.06248,-0.00834,-0.00005,0.78587,0,0.01765,-0.00883
0.9565,-0.49988,-0.00671,0.02326,-0.00962,0.04076,-0.00992,-2.52536,-0.06604,-0.00337,0.00346,-0.00500,-0.06258,-0.00837,-0.00020,0.78583,0,0.01765,-0.00883
0.9585,-0.49988,-0.00671,0.02334,-0.00964,0.04045,-0.00973,-2.52536,-0.06617,-0.00338,0.00350,-0.00502,-0.06268,-0.00840,-0.00037,0.78581,0,0.01765,-0.00883
0.9605,-0.49988,-0.00671,0.02342,-0.00966,0.04014,-0.00954,-2.52536,-0.06631,-0.00339,0.00354,-0.00504,-0.06277,-0.00843,-0.00044,0.78580,0,0.01765,-0.00883
0.9625,-0.49988,-0.00671,0.02350,-0.00968,0.03983,-0.00936,-2.52536,-0.06645,-0.00339,0.00358,-0.00507,-0.06287,-0.00846,-0.00064,0.78579,0,0.01765,-0.00883
0.9645,-0.49988,-0.00671,0.02358,-0.00970,0.03951,-0.00917,-2.52536,-0.06659,-0.00340,0.00362,-0.00509,-0.06297,-0.00849,-0.00074,0.78578,0,0.01765,-0.00883
0.9665,-0.49988,-0.00671,0.02366,-0.00972,0.03920,-0.00898,-2.52536,-0.06673,-0.00341,0.00366,-0.00511,-0.06307,-0.00851,-0.00085,0.78574,0,0.01765,-0.00883
0.9685,-0.49988,-0.00671,0.02374,-0.00974,0.03889,-0.00880,-2.52536,-0.06687,-0.00341,0.00370,-0.00513,-0.06317,-0.00854,-0.00102,0.78570,0,0.01765,-0.00883
0.9705,-0.51498,-0.00147,0.02715,-0.01138,0.04954,-0.01405,-2.51434,-0.06700,-0.00342,0.00254,-0.00520,-0.06340,-0.00862,-0.00118,0.78571,0,0.02831,-0.01237
0.9725,-0.51498,-0.00147,0.02725,-0.01141,0.04927,-0.01379,-2.51434,-0.06714,-0.00343,0.00260,-0.00523,-0.06375,-0.00866,-0.00123,0.78569,0,0.02831,-0.01237
0.9746,-0.51498,-0.00147,0.02735,-0.01144,0.04912,-0.01357,-2.51434,-0.06728,-0.00343,0.00266,-0.00526,-0.06424,-0.00870,-0.00141,0.78564,0,0.02831,-0.01237
0.9766,-0.51498,-0.00147,0.02745,-0.01146,0.04907,-0.01334,-2.51434,-0.06742,-0.00344,0.00272,-0.00529,-0.06470,-0.00873,-0.00154,0.78566,0,0.02831,-0.01237
0.9786,-0.51498,-0.00147,0.02755,-0.01149,0.04900,-0.01312,-2.51434,-0.06756,-0.00345,0.00278,-0.00532,-0.06504,-0.00877,-0.00165,0.78563,0,0.02831,-0.01237
0.9806,-0.51498,-0.00147,0.02765,-0.01152,0.04883,-0.01290,-2.51434,-0.06770,-0.00346,0.00283,-0.00535,-0.06524,-0.00881,-0.00176,0.78565,0,0.02831,-0.01237
0.9826,-0.51498,-0.00147,0.02774,-0.01154,0.04854,-0.01267,-2.51434,-0.06783,-0.00346,0.00289,-0.00538,-0.06532,-0.00884,-0.00192,0.78558,0,0.02831,-0.01237
0.9846,-0.51498,-0.00147,0.02784,-0.01157,0.04814,-0.01245,-2.51434,-0.06797,-0.00347,0.00295,-0.00540,-0.06527,-0.00887,-0.00204,0.78560,0,0.02831,-0.01237
0.9866,-0.51498,-0.00147,0.02794,-0.01159,0.04762,-0.01222,-2.51434,-0.06811,-0.00348,0.00300,-0.00543,-0.06511,-0.00891,-0.00223,0.78559,0,0.02831,-0.01237
0.9886,-0.51498,-0.00147,0.02803,-0.01162,0.04702,-0.01200,-2.51434,-0.06825,-0.00348,0.00306,-0.00546,-0.06508,-0.00894,-0.00233,0.78556,0,0.02831,-0.01237
0.9906,-0.51498,-0.00147,0.02812,-0.01164,0.04652,-0.01178,-2.51434,-0.06839,-0.00349,0.00311,-0.00548,-0.06517,-0.00897,-0.00248,0.78553,0,0.02831,-0.01237
0.9926,-0.51498,-0.00147,0.02822,-0.01166,0.04612,-0.01155,-2.51434,-0.06853,-0.00350,0.00316,-0.00551,-0.06537,-0.00901,-0.00259,0.78555,0,0.02831,-0.01237
0.9946,-0.51498,-0.00147,0.02831,-0.01169,0.04581,-0.01133,-2.51434,-0.06866,-0.00351,0.00321,-0.00553,-0.06545,-0.00904,-0.00266,0.78553,0,0.02831,-0.01237
0.9966,-0.51498,-0.00147,0.02840,-0.01171,0.04541,-0.01110,-2.51434,-0.06880,-0.00351,0.00326,-0.00556,-0.06554,-0.00907,-0.00280,0.78546,0,0.02831,-0.01237
0.9986,-0.51498,-0.00147,0.02849,-0.01173,0.04501,-0.01088,-2.51434,-0.06894,-0.00352,0.00331,-0.00558,-0.06563,-0.00910,-0.00295,0.78545,0,0.02831,-0.01237
1.0006,-0.51498,-0.00147,0.02858,-0.01175,0.04461,-0.01066,-2.51434,-0.06908,-0.00353,0.00336,-0.00561,-0.06572,-0.00913,-0.00310,0.78542,0,0.02831,-0.01237
1.0026,-0.51498,-0.00147,0.02867,-0.01177,0.04420,-0.01043,-2.51434,-0.06922,-0.00353,0.00341,-0.00563,-0.06581,-0.00916,-0.00323,0.78540,0,0.02831,-0.01237
1.0046,-0.51498,-0.00147,0.02876,-0.01179,0.04380,-0.01021,-2.51434,-0.06935,-0.00354,0.00345,-0.00565,-0.06590,-0.00919,-0.00338,0.78539,0,0.02831,-0.01237
1.0066,-0.51498,-0.00147,0.02884,-0.01181,0.04339,-0.00999,-2.51434,-0.06949,-0.00355,0.00350,-0.00567,-0.06599,-0.00922,-0.00350,0.78540,0,0.02831,-0.01237
1.0086,-0.51498,-0.00147,0.02893,-0.01183,0.04298,-0.00976,-2.51434,-0.06963,-0.00355,0.00354,-0.00570,-0.06609,-0.00925,-0.00362,0.78539,0,0.02831,-0.01237
1.0106,-0.51498,-0.00147,0.02902,-0.01185,0.04258,-0.00954,-2.51434,-0.06977,-0.00356,0.00359,-0.00572,-0.06618,-0.00928,-0.00380,0.78530,0,0.02831,-0.01237
1.0126,-0.51498,-0.00147,0.02910,-0.01187,0.04217,-0.00932,-2.51434,-0.06991,-0.00357,0.00363,-0.00574,-0.06628,-0.00931,-0.00391,0.78531,0,0.02831,-0.01237
1.0146,-0.51498,-0.00147,0.02918,-0.01189,0.04176,-0.00909,-2.51434,-0.07004,-0.00358,0.00367,-0.00576,-0.06637,-0.00934,-0.00402,0.78528,0,0.02831,-0.01237
1.0166,-0.51498,-0.00147,0.02927,-0.01191,0.04135,-0.00887,-2.51434,-0.07018,-0.00358,0.00371,-0.00578,-0.06647,-0.00936,-0.00417,0.78527,0,0.02831,-0.01237
1.0186,-0.51498,-0.00147,0.02935,-0.01193,0.04094,-0.00864,-2.51434,-0.07032,-0.00359,0.00375,-0.00580,-0.06657,-0.00939,-0.00430,0.78526,0,0.02831,-0.01237
1.0206,-0.51498,-0.00147,0.02943,-0.01194,0.04053,-0.00842,-2.51434,-0.07046,-0.00360,0.00379,-0.00582,-0.06667,-0.00942,-0.00446,0.78522,0,0.02831,-0.01237
1.0226,-0.51498,-0.00147,0.02951,-0.01196,0.04012,-0.00820,-2.51434,-0.07060,-0.00360,0.00383,-0.00584,-0.06677,-0.00944,-0.00454,0.78521,0,0.02831,-0.01237
1.0246,-0.51498,-0.00147,0.02959,-0.01198,0.03971,-0.00798,-2.51434,-0.07074,-0.00361,0.00387,-0.00586,-0.06687,-0.00947,-0.00473,0.78522,0,0.02831,-0.01237
1.0266,-0.51498,-0.00147,0.02967,-0.01199,0.03930,-0.00775,-2.51434,-0.07087,-0.00362,0.00390,-0.00587,-0.06697,-0.00949,-0.00486,0.78517,0,0.02831,-0.01237
1.0286,-0.51498,-0.00147,0.02975,-0.01201,0.03889,-0.00753,-2.51434,-0.07101,-0.00363,0.00394,-0.00589,-0.06707,-0.00952,-0.00495,0.78516,0,0.02831,-0.01237
1.0306,-0.51498,-0.00147,0.02983,-0.01202,0.03847,-0.00731,-2.51434,-0.07115,-0.00363,0.00397,-0.00591,-0.06718,-0.00954,-0.00510,0.78514,0,0.02831,-0.01237
1.0326,-0.51498,-0.00147,0.02990,-0.01204,0.03806,-0.00708,-2.51434,-0.07129,-0.00364,0.00401,-0.00592,-0.06728,-0.00956,-0.00522,0.78514,0,0.02831,-0.01237
1.0346,-0.51498,-0.00147,0.02998,-0.01205,0.03765,-0.00686,-2.51434,-0.07143,-0.00365,0.00404,-0.00594,-0.06739,-0.00959,-0.00538,0.78508,0,0.02831,-0.01237
1.0366,-0.50460,-0.00592,0.02651,-0.01091,0.02531,-0.00274,-2.49769,-0.07156,-0.00365,0.00364,-0.00614,-0.06762,-0.00974,-0.00548,0.78508,0,0.02160,-0.00951
1.0386,-0.50460,-0.00592,0.02656,-0.01092,0.02506,-0.00242,-2.49769,-0.07170,-0.00366,0.00364,-0.00614,-0.06798,-0.00980,-0.00562,0.78508,0,0.02160,-0.00951
1.0406,-0.50460,-0.00592,0.02661,-0.01092,0.02493,-0.00218,-2.49769,-0.07184,-0.00367,0.00365,-0.00615,-0.06821,-0.00982,-0.00576,0.78505,0,0.02160,-0.00951
1.0426,-0.50460,-0.00592,0.02666,-0.01092,0.02468,-0.00199,-2.49769,-0.07198,-0.00367,0.00366,-0.00616,-0.06832,-0.00983,-0.00587,0.78499,0,0.02160,-0.00951
1.0446,-0.50460,-0.00592,0.02671,-0.01093,0.02432,-0.00179,-2.49769,-0.07212,-0.00368,0.00366,-0.00616,-0.06845,-0.00984,-0.00601,0.78501,0,0.02160,-0.00951
1.0466,-0.50460,-0.00592,0.02675,-0.01093,0.02399,-0.00160,-2.49769,-0.07226,-0.00369,0.00367,-0.00617,-0.06859,-0.00986,-0.00616,0.78500,0,0.02160,-0.00951
1.0486,-0.50460,-0.00592,0.02680,-0.01093,0.02365,-0.00141,-2.49769,-0.07239,-0.00370,0.00367,-0.00617,-0.06872,-0.00987,-0.00626,0.78498,0,0.02160,-0.00951
1.0506,-0.50460,-0.00592,0.02685,-0.01094,0.02331,-0.00121,-2.49769,-0.07253,-0.00370,0.00368,-0.00618,-0.06885,-0.00988,-0.00641,0.78497,0,0.02160,-0.00951
1.0526,-0.50460,-0.00592,0.02690,-0.01094,0.02298,-0.00102,-2.49769,-0.07267,-0.00371,0.00368,-0.00618,-0.06899,-0.00989,-0.00657,0.78493,0,0.02160,-0.00951
1.0546,-0.50460,-0.00592,0.02694,-0.01094,0.02264,-0.00082,-2.49769,-0.07281,-0.00372,0.00368,-0.00619,-0.06913,-0.00990,-0.00668,0.78490,0,0.02160,-0.00951
1.0566,-0.50460,-0.00592,0.02699,-0.01094,0.02230,-0.00063,-2.49769,-0.07295,-0.00372,0.00368,-0.00619,-0.06926,-0.00991,-0.00685,0.78491,0,0.02160,-0.00951
1.0586,-0.50460,-0.00592,0.02703,-0.01094,0.02197,-0.00044,-2.49769,-0.07308,-0.00373,0.00368,-0.00619,-0.06940,-0.00993,-0.00697,0.78488,0,0.02160,-0.00951
1.0606,-0.50460,-0.00592,0.02707,-0.01094,0.02163,-0.00025,-2.49769,-0.07322,-0.00374,0.00368,-0.00620,-0.06954,-0.00994,-0.00709,0.78487,0,0.02160,-0.00951
1.0626,-0.50460,-0.00592,0.02712,-0.01094,0.02130,-0.00005,-2.49769,-0.07336,-0.00375,0.00368,-0.00620,-0.06968,-0.00994,-0.00727,0.78483,0,0.02160,-0.00951
1.0646,-0.50460,-0.00592,0.02716,-0.01094,0.02096,0.00014,-2.49769,-0.07350,-0.00375,0.00368,-0.00620,-0.06982,-0.00995,-0.00741,0.78485,0,0.02160,-0.00951
1.0666,-0.50460,-0.00592,0.02720,-0.01094,0.02062,0.00033,-2.49769,-0.07364,-0.00376,0.00368,-0.00620,-0.06996,-0.00996,-0.00757,0.78481,0,0.02160,-0.00951
1.0686,-0.50460,-0.00592,0.02724,-0.01094,0.02028,0.00052,-2.49769,-0.07377,-0.00377,0.00367,-0.00621,-0.07010,-0.00997,-0.00768,0.78476,0,0.02160,-0.00951
1.0706,-0.50460,-0.00592,0.02728,-0.01094,0.01995,0.00071,-2.49769,-0.07391,-0.00377,0.00367,-0.00621,-0.07024,-0.00998,-0.00781,0.78477,0,0.02160,-0.00951
1.0726,-0.50460,-0.00592,0.02732,-0.01094,0.01961,0.00090,-2.49769,-0.07405,-0.00378,0.00367,-0.00621,-0.07039,-0.00999,-0.00797,0.78477,0,0.02160,-0.00951
1.0746,-0.50460,-0.00592,0.02736,-0.01094,0.01927,0.00109,-2.49769,-0.07419,-0.00379,0.00366,-0.00621,-0.07053,-0.00999,-0.00810,0.78470,0,0.02160,-0.00951
1.0766,-0.50460,-0.00592,0.02740,-0.01094,0.01894,0.00128,-2.49769,-0.07433,-0.00379,0.00365,-0.00621,-0.07067,-0.01000,-0.00823,0.78473,0,0.02160,-0.00951
1.0786,-0.50460,-0.00592,0.02744,-0.01093,0.01860,0.00147,-2.49769,-0.07447,-0.00380,0.00365,-0.00621,-0.07082,-0.01001,-0.00837,0.78468,0,0.02160,-0.00951
1.0806,-0.50460,-0.00592,0.02747,-0.01093,0.01826,0.00166,-2.49769,-0.07460,-0.00381,0.00364,-0.00621,-0.07096,-0.01001,-0.00852,0.78469,0,0.02160,-0.00951
1.0826,-0.50460,-0.00592,0.02751,-0.01093,0.01793,0.00185,-2.49769,-0.07474,-0.00382,0.00363,-0.00620,-0.07111,-0.01002,-0.00869,0.78465,0,0.02160,-0.00951
1.0846,-0.50460,-0.00592,0.02754,-0.01092,0.01759,0.00203,-2.49769,-0.07488,-0.00382,0.00362,-0.00620,-0.07126,-0.01003,-0.00881,0.78464,0,0.02160,-0.00951
1.0866,-0.50460,-0.00592,0.02758,-0.01092,0.01725,0.00222,-2.49769,-0.07502,-0.00383,0.00361,-0.00620,-0.07141,-0.01003,-0.00894,0.78463,0,0.02160,-0.00951
1.0886,-0.50460,-0.00592,0.02761,-0.01091,0.01692,0.00241,-2.49769,-0.07516,-0.00384,0.00360,-0.00620,-0.07156,-0.01004,-0.00908,0.78460,0,0.02160,-0.00951
1.0906,-0.50460,-0.00592,0.02765,-0.01091,0.01658,0.00260,-2.49769,-0.07529,-0.00384,0.00359,-0.00620,-0.07171,-0.01004,-0.00926,0.78456,0,0.02160,-0.00951
1.0926,-0.50460,-0.00592,0.02768,-0.01090,0.01624,0.00278,-2.49769,-0.07543,-0.00385,0.00358,-0.00619,-0.07186,-0.01004,-0.00940,0.78454,0,0.02160,-0.00951
1.0946,-0.50460,-0.00592,0.02771,-0.01090,0.01591,0.00297,-2.49769,-0.07557,-0.00386,0.00356,-0.00619,-0.07201,-0.01005,-0.00955,0.78453,0,0.02160,-0.00951
1.0966,-0.50460,-0.00592,0.02774,-0.01089,0.01557,0.00316,-2.49769,-0.07571,-0.00387,0.00355,-0.00619,-0.07216,-0.01005,-0.00970,0.78451,0,0.02160,-0.00951
1.0987,-0.50460,-0.00592,0.02777,-0.01089,0.01524,0.00334,-2.49769,-0.07585,-0.00387,0.00353,-0.00618,-0.07232,-0.01005,-0.00987,0.78446,0,0.02160,-0.00951
1.1007,-0.50460,-0.00592,0.02780,-0.01088,0.01490,0.00353,-2.49769,-0.07599,-0.00388,0.00352,-0.00618,-0.07247,-0.01006,-0.00993,0.78449,0,0.02160,-0.00951
1.1027,-0.51679,-0.00041,0.02933,-0.01211,0.01966,-0.00052,-2.49637,-0.07613,-0.00389,0.00134,-0.00576,-0.07275,-0.00993,-0.01012,0.78446,0,0.02996,-0.01330
1.1047,-0.51679,-0.00041,0.02937,-0.01211,0.01941,-0.00042,-2.49637,-0.07627,-0.00389,0.00134,-0.00577,-0.07316,-0.00968,-0.01027,0.78442,0,0.02996,-0.01330
1.1067,-0.51679,-0.00041,0.02941,-0.01212,0.01927,-0.00044,-2.49637,-0.07640,-0.00390,0.00133,-0.00577,-0.07370,-0.00955,-0.01037,0.78443,0,0.02996,-0.01330
1.1087,-0.51679,-0.00041,0.02945,-0.01212,0.01924,-0.00034,-2.49637,-0.07654,-0.00391,0.00132,-0.00577,-0.07437,-0.00955,-0.01056,0.78439,0,0.02996,-0.01330
1.1107,-0.51679,-0.00041,0.02949,-0.01212,0.01931,-0.00014,-2.49637,-0.07668,-0.00391,0.00131,-0.00578,-0.07516,-0.00968,-0.01068,0.78436,0,0.02996,-0.01330
1.1127,-0.51679,-0.00041,0.02953,-0.01212,0.01950,0.00018,-2.49637,-0.07682,-0.00392,0.00131,-0.00578,-0.07583,-0.00970,-0.01084,0.78436,0,0.02996,-0.01330
1.1147,-0.51679,-0.00041,0.02956,-0.01212,0.01957,0.00039,-2.49637,-0.07696,-0.00393,0.00130,-0.00578,-0.07637,-0.00971,-0.01105,0.78434,0,0.02996,-0.01330
1.1167,-0.51679,-0.00041,0.02960,-0.01212,0.01953,0.00060,-2.49637,-0.07710,-0.00394,0.00129,-0.00578,-0.07678,-0.00972,-0.01116,0.78433,0,0.02996,-0.01330
1.1187,-0.51679,-0.00041,0.02964,-0.01211,0.01939,0.00081,-2.49637,-0.07723,-0.00394,0.00129,-0.00578,-0.07706,-0.00972,-0.01131,0.78429,0,0.02996,-0.01330
1.1207,-0.51679,-0.00041,0.02968,-0.01211,0.01913,0.00102,-2.49637,-0.07737,-0.00395,0.00128,-0.00578,-0.07722,-0.00973,-0.01146,0.78430,0,0.02996,-0.01330
1.1227,-0.51679,-0.00041,0.02972,-0.01211,0.01876,0.00123,-2.49637,-0.07751,-0.00396,0.00127,-0.00578,-0.07725,-0.00974,-0.01167,0.78425,0,0.02996,-0.01330
1.1247,-0.51679,-0.00041,0.02976,-0.01211,0.01829,0.00144,-2.49637,-0.07765,-0.00396,0.00126,-0.00578,-0.07714,-0.00975,-0.01178,0.78424,0,0.02996,-0.01330
1.1267,-0.51679,-0.00041,0.02979,-0.01210,0.01770,0.00165,-2.49637,-0.07779,-0.00397,0.00125,-0.00578,-0.07691,-0.00975,-0.01198,0.78422,0,0.02996,-0.01330
1.1287,-0.51679,-0.00041,0.02983,-0.01210,0.01701,0.00186,-2.49637,-0.07793,-0.00398,0.00124,-0.00578,-0.07669,-0.00976,-0.01210,0.78420,0,0.02996,-0.01330
1.1307,-0.51679,-0.00041,0.02986,-0.01210,0.01631,0.00207,-2.49637,-0.07806,-0.00399,0.00122,-0.00578,-0.07659,-0.00976,-0.01225,0.78420,0,0.02996,-0.01330
1.1327,-0.51679,-0.00041,0.02989,-0.01209,0.01573,0.00228,-2.49637,-0.07820,-0.00399,0.00121,-0.00578,-0.07662,-0.00977,-0.01240,0.78418,0,0.02996,-0.01330
1.1347,-0.51679,-0.00041,0.02992,-0.01209,0.01525,0.00248,-2.49637,-0.07834,-0.00400,0.00119,-0.00577,-0.07678,-0.00977,-0.01252,0.78418,0,0.02996,-0.01330
1.1367,-0.51679,-0.00041,0.02995,-0.01208,0.01488,0.00269,-2.49637,-0.07848,-0.00401,0.00118,-0.00577,-0.07706,-0.00978,-0.01271,0.78415,0,0.02996,-0.01330
1.1387,-0.51679,-0.00041,0.02998,-0.01208,0.01462,0.00290,-2.49637,-0.07862,-0.00401,0.00116,-0.00577,-0.07746,-0.00978,-0.01277,0.78412,0,0.02996,-0.01330
1.1407,-0.51679,-0.00041,0.03001,-0.01207,0.01446,0.00310,-2.49637,-0.07875,-0.00402,0.00114,-0.00576,-0.07773,-0.00979,-0.01296,0.78408,0,0.02996,-0.01330
1.1427,-0.51679,-0.00041,0.03004,-0.01206,0.01418,0.00331,-2.49637,-0.07889,-0.00403,0.00112,-0.00576,-0.07787,-0.00979,-0.01315,0.78407,0,0.02996,-0.01330
1.1447,-0.51679,-0.00041,0.03007,-0.01206,0.01380,0.00351,-2.49637,-0.07903,-0.00403,0.00110,-0.00576,-0.07793,-0.00979,-0.01328,0.78406,0,0.02996,-0.01330
1.1467,-0.51679,-0.00041,0.03010,-0.01205,0.01335,0.00372,-2.49637,-0.07917,-0.00404,0.00108,-0.00575,-0.07809,-0.00979,-0.01342,0.78407,0,0.02996,-0.01330
1.1488,-0.51679,-0.00041,0.03012,-0.01204,0.01298,0.00392,-2.49637,-0.07931,-0.00405,0.00106,-0.00575,-0.07825,-0.00980,-0.01357,0.78398,0,0.02996,-0.01330
1.1508,-0.51679,-0.00041,0.03015,-0.01203,0.01261,0.00412,-2.49637,-0.07945,-0.00406,0.00104,-0.00574,-0.07841,-0.00980,-0.01376,0.78405,0,0.02996,-0.01330
1.1528,-0.51679,-0.00041,0.03017,-0.01203,0.01224,0.00433,-2.49637,-0.07959,-0.00406,0.00102,-0.00573,-0.07857,-0.00980,-0.01387,0.78397,0,0.02996,-0.01330
1.1548,-0.51679,-0.00041,0.03020,-0.01202,0.01187,0.00453,-2.49637,-0.07972,-0.00407,0.00099,-0.00573,-0.07873,-0.00980,-0.01401,0.78394,0,0.02996,-0.01330
1.1568,-0.51679,-0.00041,0.03022,-0.01201,0.01150,0.00473,-2.49637,-0.07986,-0.00408,0.00097,-0.00572,-0.07890,-0.00980,-0.01421,0.78392,0,0.02996,-0.01330
1.1588,-0.51679,-0.00041,0.03024,-0.01200,0.01113,0.00493,-2.49637,-0.08000,-0.00408,0.00094,-0.00571,-0.07906,-0.00980,-0.01436,0.78391,0,0.02996,-0.01330
1.1608,-0.51679,-0.00041,0.03026,-0.01199,0.01077,0.00513,-2.49637,-0.08014,-0.00409,0.00091,-0.00571,-0.07923,-0.00980,-0.01449,0.78387,0,0.02996,-0.01330
1.1628,-0.51679,-0.00041,0.03029,-0.01198,0.01040,0.00533,-2.49637,-0.08028,-0.00410,0.00089,-0.00570,-0.07939,-0.00980,-0.01465,0.78385,0,0.02996,-0.01330
1.1648,-0.51679,-0.00041,0.03031,-0.01197,0.01003,0.00553,-2.49637,-0.08042,-0.00411,0.00086,-0.00569,-0.07956,-0.00980,-0.01482,0.78384,0,0.02996,-0.01330
